,Model,Process Date,metrics,scores,type
0,unet,2021.07.27-20.24.13,Jaccard,0.9623287671232876,afm_optico
1,unet,2022.04.09-22.15.32,Jaccard,0.6305970149253731,afm_optico
2,unet,2023.03.26-07.00.18,Jaccard,0.5583596214511041,afm_optico
3,unet,2023.03.26-07.02.39,Jaccard,0.9296482412060302,afm_optico
4,unet,2023.03.26-11.25.23,Jaccard,0.6709677419354839,afm_optico
5,unet,2023.03.26-11.28.40,Jaccard,0.6765799256505576,afm_optico
6,unet,2023.03.26-15.52.33,Jaccard,0.8073394495412844,afm_optico
7,unet,2023.03.26-15.53.37,Jaccard,0.8936170212765957,afm_optico
8,unet,2023.03.26-18.43.02,Jaccard,0.91156462585034,afm_optico
9,unet,2023.03.26-18.45.32,Jaccard,0.8814814814814815,afm_optico
10,unet,2023.03.26-18.56.14,Jaccard,0.7815533980582524,afm_optico
11,unet,2023.03.26-18.59.12,Jaccard,0.8354430379746836,afm_optico
12,unet,2023.03.26-19.01.32,Jaccard,0.6904761904761905,afm_optico
13,unet,2023.03.26-22.54.06,Jaccard,0.9140625,afm_optico
14,unet,2023.03.26-22.54.41,Jaccard,0.8318181818181818,afm_optico
15,unet,2023.03.26-22.56.46,Jaccard,0.8939393939393939,afm_optico
16,unet,2023.03.26-22.57.27,Jaccard,0.8826291079812206,afm_optico
17,unet,2023.03.28-22.27.27,Jaccard,0.7607361963190185,afm_optico
18,unet,2023.03.28-22.29.11,Jaccard,0.9548022598870056,afm_optico
19,unet,2023.03.28-22.40.02,Jaccard,0.900990099009901,afm_optico
20,unet,2023.03.28-22.40.42,Jaccard,0.8666666666666667,afm_optico
21,unet,2023.03.28-22.41.32,Jaccard,0.7833333333333333,afm_optico
22,unet,2023.03.29-21.52.58,Jaccard,0.8650793650793651,afm_optico
23,unet,2023.03.29-21.54.34,Jaccard,0.0,afm_optico
24,unet,2023.03.29-21.57.23,Jaccard,0.7960526315789473,afm_optico
25,unet,2023.03.29-22.03.33,Jaccard,0.9216589861751152,afm_optico
26,unet,2023.03.29-22.07.18,Jaccard,0.3230769230769231,afm_optico
27,unet,2023.03.30-12.27.27,Jaccard,0.9448818897637796,afm_optico
28,unet,2023.03.30-12.28.32,Jaccard,0.8013245033112583,afm_optico
29,unet,2023.03.30-12.29.32,Jaccard,0.7801418439716312,afm_optico
30,unet,2023.03.30-12.31.57,Jaccard,0.8165137614678899,afm_optico
31,unet,2023.03.30-12.33.04,Jaccard,0.8442622950819673,afm_optico
32,unet,2023.03.30-12.33.45,Jaccard,0.8108108108108109,afm_optico
33,unet,2023.03.30-16.13.37,Jaccard,0.8465346534653465,afm_optico
34,unet,2023.03.30-17.34.33,Jaccard,0.8554913294797688,afm_optico
35,unet,2023.03.30-19.58.05,Jaccard,0.88,afm_optico
36,unet,2023.03.30-19.58.41,Jaccard,0.6684491978609626,afm_optico
37,unet,2023.03.30-20.03.56,Jaccard,0.7484662576687117,afm_optico
38,unet,2023.03.30-20.04.42,Jaccard,0.8396946564885496,afm_optico
39,unet,2023.06.02-19.19.46,Jaccard,0.7672955974842768,afm_optico
40,unet,2023.06.02-19.22.04,Jaccard,0.8809523809523809,afm_optico
41,unet,2023.06.02-19.22.49,Jaccard,0.7761194029850746,afm_optico
42,unet,2023.06.02-19.23.39,Jaccard,0.696969696969697,afm_optico
43,unet,2023.06.02-19.28.13,Jaccard,0.8524590163934426,afm_optico
44,unet,2023.06.02-19.29.01,Jaccard,0.6192893401015228,afm_optico
45,unet,2023.06.02-19.38.05,Jaccard,0.8106060606060606,afm_optico
46,unet,2023.06.02-20.22.44,Jaccard,0.8538461538461538,afm_optico
47,unet,2023.06.02-20.23.50,Jaccard,0.8661417322834646,afm_optico
48,unet,2023.06.02-20.26.43,Jaccard,0.831858407079646,afm_optico
49,unet,2023.06.02-20.30.15,Jaccard,0.4925373134328358,afm_optico
50,unet,2023.06.02-20.31.45,Jaccard,0.872,afm_optico
51,unet,2023.06.02-20.32.27,Jaccard,0.7622377622377622,afm_optico
52,unet,2021.07.27-20.24.13,Recall,0.9929328621908128,afm_optico
53,unet,2022.04.09-22.15.32,Recall,0.7130801687763713,afm_optico
54,unet,2023.03.26-07.00.18,Recall,0.5636942675159236,afm_optico
55,unet,2023.03.26-07.02.39,Recall,0.9487179487179488,afm_optico
56,unet,2023.03.26-11.25.23,Recall,0.7482014388489209,afm_optico
57,unet,2023.03.26-11.28.40,Recall,0.6893939393939394,afm_optico
58,unet,2023.03.26-15.52.33,Recall,0.9777777777777776,afm_optico
59,unet,2023.03.26-15.53.37,Recall,0.9921259842519684,afm_optico
60,unet,2023.03.26-18.43.02,Recall,0.9852941176470588,afm_optico
61,unet,2023.03.26-18.45.32,Recall,0.9754098360655736,afm_optico
62,unet,2023.03.26-18.56.14,Recall,1.0,afm_optico
63,unet,2023.03.26-18.59.12,Recall,0.9850746268656716,afm_optico
64,unet,2023.03.26-19.01.32,Recall,0.7295597484276729,afm_optico
65,unet,2023.03.26-22.54.06,Recall,0.9915254237288136,afm_optico
66,unet,2023.03.26-22.54.41,Recall,0.8591549295774648,afm_optico
67,unet,2023.03.26-22.56.46,Recall,0.9291338582677166,afm_optico
68,unet,2023.03.26-22.57.27,Recall,0.8909952606635071,afm_optico
69,unet,2023.03.28-22.27.27,Recall,0.9465648854961832,afm_optico
70,unet,2023.03.28-22.29.11,Recall,0.9883040935672516,afm_optico
71,unet,2023.03.28-22.40.02,Recall,0.9479166666666666,afm_optico
72,unet,2023.03.28-22.40.42,Recall,1.0,afm_optico
73,unet,2023.03.28-22.41.32,Recall,0.9894736842105264,afm_optico
74,unet,2023.03.29-21.52.58,Recall,0.923728813559322,afm_optico
75,unet,2023.03.29-21.54.34,Recall,0.0,afm_optico
76,unet,2023.03.29-21.57.23,Recall,0.8832116788321168,afm_optico
77,unet,2023.03.29-22.03.33,Recall,0.9433962264150944,afm_optico
78,unet,2023.03.29-22.07.18,Recall,0.3230769230769231,afm_optico
79,unet,2023.03.30-12.27.27,Recall,0.967741935483871,afm_optico
80,unet,2023.03.30-12.28.32,Recall,0.937984496124031,afm_optico
81,unet,2023.03.30-12.29.32,Recall,0.9565217391304348,afm_optico
82,unet,2023.03.30-12.31.57,Recall,0.8165137614678899,afm_optico
83,unet,2023.03.30-12.33.04,Recall,0.944954128440367,afm_optico
84,unet,2023.03.30-12.33.45,Recall,0.975609756097561,afm_optico
85,unet,2023.03.30-16.13.37,Recall,0.9395604395604396,afm_optico
86,unet,2023.03.30-17.34.33,Recall,0.9932885906040269,afm_optico
87,unet,2023.03.30-19.58.05,Recall,0.9506172839506172,afm_optico
88,unet,2023.03.30-19.58.41,Recall,0.6830601092896175,afm_optico
89,unet,2023.03.30-20.03.56,Recall,0.953125,afm_optico
90,unet,2023.03.30-20.04.42,Recall,0.9821428571428572,afm_optico
91,unet,2023.06.02-19.19.46,Recall,0.9242424242424242,afm_optico
92,unet,2023.06.02-19.22.04,Recall,1.0,afm_optico
93,unet,2023.06.02-19.22.49,Recall,1.0,afm_optico
94,unet,2023.06.02-19.23.39,Recall,0.9913793103448276,afm_optico
95,unet,2023.06.02-19.28.13,Recall,1.0,afm_optico
96,unet,2023.06.02-19.29.01,Recall,1.0,afm_optico
97,unet,2023.06.02-19.38.05,Recall,1.0,afm_optico
98,unet,2023.06.02-20.22.44,Recall,0.8951612903225806,afm_optico
99,unet,2023.06.02-20.23.50,Recall,0.8870967741935484,afm_optico
100,unet,2023.06.02-20.26.43,Recall,1.0,afm_optico
101,unet,2023.06.02-20.30.15,Recall,0.5641025641025641,afm_optico
102,unet,2023.06.02-20.31.45,Recall,0.9478260869565216,afm_optico
103,unet,2023.06.02-20.32.27,Recall,1.0,afm_optico
104,unet,2021.07.27-20.24.13,Precision,0.9689655172413794,afm_optico
105,unet,2022.04.09-22.15.32,Precision,0.845,afm_optico
106,unet,2023.03.26-07.00.18,Precision,0.9833333333333332,afm_optico
107,unet,2023.03.26-07.02.39,Precision,0.9788359788359788,afm_optico
108,unet,2023.03.26-11.25.23,Precision,0.8666666666666667,afm_optico
109,unet,2023.03.26-11.28.40,Precision,0.9732620320855616,afm_optico
110,unet,2023.03.26-15.52.33,Precision,0.822429906542056,afm_optico
111,unet,2023.03.26-15.53.37,Precision,0.9,afm_optico
112,unet,2023.03.26-18.43.02,Precision,0.9241379310344828,afm_optico
113,unet,2023.03.26-18.45.32,Precision,0.9015151515151516,afm_optico
114,unet,2023.03.26-18.56.14,Precision,0.7815533980582524,afm_optico
115,unet,2023.03.26-18.59.12,Precision,0.8461538461538461,afm_optico
116,unet,2023.03.26-19.01.32,Precision,0.928,afm_optico
117,unet,2023.03.26-22.54.06,Precision,0.9212598425196852,afm_optico
118,unet,2023.03.26-22.54.41,Precision,0.963157894736842,afm_optico
119,unet,2023.03.26-22.56.46,Precision,0.959349593495935,afm_optico
120,unet,2023.03.26-22.57.27,Precision,0.9894736842105264,afm_optico
121,unet,2023.03.28-22.27.27,Precision,0.7948717948717948,afm_optico
122,unet,2023.03.28-22.29.11,Precision,0.9657142857142856,afm_optico
123,unet,2023.03.28-22.40.02,Precision,0.9479166666666666,afm_optico
124,unet,2023.03.28-22.40.42,Precision,0.8666666666666667,afm_optico
125,unet,2023.03.28-22.41.32,Precision,0.7899159663865546,afm_optico
126,unet,2023.03.29-21.52.58,Precision,0.9316239316239316,afm_optico
127,unet,2023.03.29-21.54.34,Precision,0.0,afm_optico
128,unet,2023.03.29-21.57.23,Precision,0.8897058823529411,afm_optico
129,unet,2023.03.29-22.03.33,Precision,0.975609756097561,afm_optico
130,unet,2023.03.29-22.07.18,Precision,1.0,afm_optico
131,unet,2023.03.30-12.27.27,Precision,0.975609756097561,afm_optico
132,unet,2023.03.30-12.28.32,Precision,0.8461538461538461,afm_optico
133,unet,2023.03.30-12.29.32,Precision,0.8088235294117647,afm_optico
134,unet,2023.03.30-12.31.57,Precision,1.0,afm_optico
135,unet,2023.03.30-12.33.04,Precision,0.8879310344827587,afm_optico
136,unet,2023.03.30-12.33.45,Precision,0.8275862068965517,afm_optico
137,unet,2023.03.30-16.13.37,Precision,0.8952879581151832,afm_optico
138,unet,2023.03.30-17.34.33,Precision,0.8604651162790697,afm_optico
139,unet,2023.03.30-19.58.05,Precision,0.9221556886227544,afm_optico
140,unet,2023.03.30-19.58.41,Precision,0.9689922480620154,afm_optico
141,unet,2023.03.30-20.03.56,Precision,0.7770700636942676,afm_optico
142,unet,2023.03.30-20.04.42,Precision,0.8527131782945736,afm_optico
143,unet,2023.06.02-19.19.46,Precision,0.8187919463087249,afm_optico
144,unet,2023.06.02-19.22.04,Precision,0.8809523809523809,afm_optico
145,unet,2023.06.02-19.22.49,Precision,0.7761194029850746,afm_optico
146,unet,2023.06.02-19.23.39,Precision,0.7012195121951219,afm_optico
147,unet,2023.06.02-19.28.13,Precision,0.8524590163934426,afm_optico
148,unet,2023.06.02-19.29.01,Precision,0.6192893401015228,afm_optico
149,unet,2023.06.02-19.38.05,Precision,0.8106060606060606,afm_optico
150,unet,2023.06.02-20.22.44,Precision,0.9487179487179488,afm_optico
151,unet,2023.06.02-20.23.50,Precision,0.9734513274336284,afm_optico
152,unet,2023.06.02-20.26.43,Precision,0.831858407079646,afm_optico
153,unet,2023.06.02-20.30.15,Precision,0.7951807228915663,afm_optico
154,unet,2023.06.02-20.31.45,Precision,0.9159663865546218,afm_optico
155,unet,2023.06.02-20.32.27,Precision,0.7622377622377622,afm_optico
156,unet,2021.07.27-20.24.13,F1,0.9808027923211168,afm_optico
157,unet,2022.04.09-22.15.32,F1,0.7734553775743706,afm_optico
158,unet,2023.03.26-07.00.18,F1,0.7165991902834007,afm_optico
159,unet,2023.03.26-07.02.39,F1,0.9635416666666666,afm_optico
160,unet,2023.03.26-11.25.23,F1,0.8030888030888031,afm_optico
161,unet,2023.03.26-11.28.40,F1,0.8070953436807097,afm_optico
162,unet,2023.03.26-15.52.33,F1,0.8934010152284264,afm_optico
163,unet,2023.03.26-15.53.37,F1,0.9438202247191012,afm_optico
164,unet,2023.03.26-18.43.02,F1,0.9537366548042704,afm_optico
165,unet,2023.03.26-18.45.32,F1,0.937007874015748,afm_optico
166,unet,2023.03.26-18.56.14,F1,0.8773841961852862,afm_optico
167,unet,2023.03.26-18.59.12,F1,0.9103448275862068,afm_optico
168,unet,2023.03.26-19.01.32,F1,0.8169014084507042,afm_optico
169,unet,2023.03.26-22.54.06,F1,0.9551020408163264,afm_optico
170,unet,2023.03.26-22.54.41,F1,0.9081885856079404,afm_optico
171,unet,2023.03.26-22.56.46,F1,0.944,afm_optico
172,unet,2023.03.26-22.57.27,F1,0.9376558603491272,afm_optico
173,unet,2023.03.28-22.27.27,F1,0.8641114982578397,afm_optico
174,unet,2023.03.28-22.29.11,F1,0.9768786127167628,afm_optico
175,unet,2023.03.28-22.40.02,F1,0.9479166666666666,afm_optico
176,unet,2023.03.28-22.40.42,F1,0.9285714285714286,afm_optico
177,unet,2023.03.28-22.41.32,F1,0.8785046728971962,afm_optico
178,unet,2023.03.29-21.52.58,F1,0.9276595744680852,afm_optico
179,unet,2023.03.29-21.54.34,F1,0.0,afm_optico
180,unet,2023.03.29-21.57.23,F1,0.8864468864468864,afm_optico
181,unet,2023.03.29-22.03.33,F1,0.9592326139088728,afm_optico
182,unet,2023.03.29-22.07.18,F1,0.4883720930232558,afm_optico
183,unet,2023.03.30-12.27.27,F1,0.97165991902834,afm_optico
184,unet,2023.03.30-12.28.32,F1,0.8897058823529412,afm_optico
185,unet,2023.03.30-12.29.32,F1,0.8764940239043825,afm_optico
186,unet,2023.03.30-12.31.57,F1,0.898989898989899,afm_optico
187,unet,2023.03.30-12.33.04,F1,0.9155555555555556,afm_optico
188,unet,2023.03.30-12.33.45,F1,0.8955223880597015,afm_optico
189,unet,2023.03.30-16.13.37,F1,0.9168900804289544,afm_optico
190,unet,2023.03.30-17.34.33,F1,0.9221183800623052,afm_optico
191,unet,2023.03.30-19.58.05,F1,0.9361702127659574,afm_optico
192,unet,2023.03.30-19.58.41,F1,0.8012820512820512,afm_optico
193,unet,2023.03.30-20.03.56,F1,0.856140350877193,afm_optico
194,unet,2023.03.30-20.04.42,F1,0.9128630705394192,afm_optico
195,unet,2023.06.02-19.19.46,F1,0.8683274021352313,afm_optico
196,unet,2023.06.02-19.22.04,F1,0.9367088607594936,afm_optico
197,unet,2023.06.02-19.22.49,F1,0.8739495798319328,afm_optico
198,unet,2023.06.02-19.23.39,F1,0.8214285714285715,afm_optico
199,unet,2023.06.02-19.28.13,F1,0.9203539823008848,afm_optico
200,unet,2023.06.02-19.29.01,F1,0.7648902821316614,afm_optico
201,unet,2023.06.02-19.38.05,F1,0.895397489539749,afm_optico
202,unet,2023.06.02-20.22.44,F1,0.921161825726141,afm_optico
203,unet,2023.06.02-20.23.50,F1,0.9282700421940928,afm_optico
204,unet,2023.06.02-20.26.43,F1,0.9082125603864734,afm_optico
205,unet,2023.06.02-20.30.15,F1,0.66,afm_optico
206,unet,2023.06.02-20.31.45,F1,0.9316239316239316,afm_optico
207,unet,2023.06.02-20.32.27,F1,0.8650793650793651,afm_optico
208,unet,2021.07.27-20.24.13,unet_F1,,afm_optico
209,unet,2022.04.09-22.15.32,unet_F1,,afm_optico
210,unet,2023.03.26-07.00.18,unet_F1,,afm_optico
211,unet,2023.03.26-07.02.39,unet_F1,,afm_optico
212,unet,2023.03.26-11.25.23,unet_F1,,afm_optico
213,unet,2023.03.26-11.28.40,unet_F1,,afm_optico
214,unet,2023.03.26-15.52.33,unet_F1,,afm_optico
215,unet,2023.03.26-15.53.37,unet_F1,,afm_optico
216,unet,2023.03.26-18.43.02,unet_F1,,afm_optico
217,unet,2023.03.26-18.45.32,unet_F1,,afm_optico
218,unet,2023.03.26-18.56.14,unet_F1,,afm_optico
219,unet,2023.03.26-18.59.12,unet_F1,,afm_optico
220,unet,2023.03.26-19.01.32,unet_F1,,afm_optico
221,unet,2023.03.26-22.54.06,unet_F1,,afm_optico
222,unet,2023.03.26-22.54.41,unet_F1,,afm_optico
223,unet,2023.03.26-22.56.46,unet_F1,,afm_optico
224,unet,2023.03.26-22.57.27,unet_F1,,afm_optico
225,unet,2023.03.28-22.27.27,unet_F1,,afm_optico
226,unet,2023.03.28-22.29.11,unet_F1,,afm_optico
227,unet,2023.03.28-22.40.02,unet_F1,,afm_optico
228,unet,2023.03.28-22.40.42,unet_F1,,afm_optico
229,unet,2023.03.28-22.41.32,unet_F1,,afm_optico
230,unet,2023.03.29-21.52.58,unet_F1,,afm_optico
231,unet,2023.03.29-21.54.34,unet_F1,,afm_optico
232,unet,2023.03.29-21.57.23,unet_F1,,afm_optico
233,unet,2023.03.29-22.03.33,unet_F1,,afm_optico
234,unet,2023.03.29-22.07.18,unet_F1,,afm_optico
235,unet,2023.03.30-12.27.27,unet_F1,,afm_optico
236,unet,2023.03.30-12.28.32,unet_F1,,afm_optico
237,unet,2023.03.30-12.29.32,unet_F1,,afm_optico
238,unet,2023.03.30-12.31.57,unet_F1,,afm_optico
239,unet,2023.03.30-12.33.04,unet_F1,,afm_optico
240,unet,2023.03.30-12.33.45,unet_F1,,afm_optico
241,unet,2023.03.30-16.13.37,unet_F1,,afm_optico
242,unet,2023.03.30-17.34.33,unet_F1,,afm_optico
243,unet,2023.03.30-19.58.05,unet_F1,,afm_optico
244,unet,2023.03.30-19.58.41,unet_F1,,afm_optico
245,unet,2023.03.30-20.03.56,unet_F1,,afm_optico
246,unet,2023.03.30-20.04.42,unet_F1,,afm_optico
247,unet,2023.06.02-19.19.46,unet_F1,,afm_optico
248,unet,2023.06.02-19.22.04,unet_F1,,afm_optico
249,unet,2023.06.02-19.22.49,unet_F1,,afm_optico
250,unet,2023.06.02-19.23.39,unet_F1,,afm_optico
251,unet,2023.06.02-19.28.13,unet_F1,,afm_optico
252,unet,2023.06.02-19.29.01,unet_F1,,afm_optico
253,unet,2023.06.02-19.38.05,unet_F1,,afm_optico
254,unet,2023.06.02-20.22.44,unet_F1,,afm_optico
255,unet,2023.06.02-20.23.50,unet_F1,,afm_optico
256,unet,2023.06.02-20.26.43,unet_F1,,afm_optico
257,unet,2023.06.02-20.30.15,unet_F1,,afm_optico
258,unet,2023.06.02-20.31.45,unet_F1,,afm_optico
259,unet,2023.06.02-20.32.27,unet_F1,,afm_optico
260,unet,2021.07.27-20.24.13,unet_Jaccard,,afm_optico
261,unet,2022.04.09-22.15.32,unet_Jaccard,,afm_optico
262,unet,2023.03.26-07.00.18,unet_Jaccard,,afm_optico
263,unet,2023.03.26-07.02.39,unet_Jaccard,,afm_optico
264,unet,2023.03.26-11.25.23,unet_Jaccard,,afm_optico
265,unet,2023.03.26-11.28.40,unet_Jaccard,,afm_optico
266,unet,2023.03.26-15.52.33,unet_Jaccard,,afm_optico
267,unet,2023.03.26-15.53.37,unet_Jaccard,,afm_optico
268,unet,2023.03.26-18.43.02,unet_Jaccard,,afm_optico
269,unet,2023.03.26-18.45.32,unet_Jaccard,,afm_optico
270,unet,2023.03.26-18.56.14,unet_Jaccard,,afm_optico
271,unet,2023.03.26-18.59.12,unet_Jaccard,,afm_optico
272,unet,2023.03.26-19.01.32,unet_Jaccard,,afm_optico
273,unet,2023.03.26-22.54.06,unet_Jaccard,,afm_optico
274,unet,2023.03.26-22.54.41,unet_Jaccard,,afm_optico
275,unet,2023.03.26-22.56.46,unet_Jaccard,,afm_optico
276,unet,2023.03.26-22.57.27,unet_Jaccard,,afm_optico
277,unet,2023.03.28-22.27.27,unet_Jaccard,,afm_optico
278,unet,2023.03.28-22.29.11,unet_Jaccard,,afm_optico
279,unet,2023.03.28-22.40.02,unet_Jaccard,,afm_optico
280,unet,2023.03.28-22.40.42,unet_Jaccard,,afm_optico
281,unet,2023.03.28-22.41.32,unet_Jaccard,,afm_optico
282,unet,2023.03.29-21.52.58,unet_Jaccard,,afm_optico
283,unet,2023.03.29-21.54.34,unet_Jaccard,,afm_optico
284,unet,2023.03.29-21.57.23,unet_Jaccard,,afm_optico
285,unet,2023.03.29-22.03.33,unet_Jaccard,,afm_optico
286,unet,2023.03.29-22.07.18,unet_Jaccard,,afm_optico
287,unet,2023.03.30-12.27.27,unet_Jaccard,,afm_optico
288,unet,2023.03.30-12.28.32,unet_Jaccard,,afm_optico
289,unet,2023.03.30-12.29.32,unet_Jaccard,,afm_optico
290,unet,2023.03.30-12.31.57,unet_Jaccard,,afm_optico
291,unet,2023.03.30-12.33.04,unet_Jaccard,,afm_optico
292,unet,2023.03.30-12.33.45,unet_Jaccard,,afm_optico
293,unet,2023.03.30-16.13.37,unet_Jaccard,,afm_optico
294,unet,2023.03.30-17.34.33,unet_Jaccard,,afm_optico
295,unet,2023.03.30-19.58.05,unet_Jaccard,,afm_optico
296,unet,2023.03.30-19.58.41,unet_Jaccard,,afm_optico
297,unet,2023.03.30-20.03.56,unet_Jaccard,,afm_optico
298,unet,2023.03.30-20.04.42,unet_Jaccard,,afm_optico
299,unet,2023.06.02-19.19.46,unet_Jaccard,,afm_optico
300,unet,2023.06.02-19.22.04,unet_Jaccard,,afm_optico
301,unet,2023.06.02-19.22.49,unet_Jaccard,,afm_optico
302,unet,2023.06.02-19.23.39,unet_Jaccard,,afm_optico
303,unet,2023.06.02-19.28.13,unet_Jaccard,,afm_optico
304,unet,2023.06.02-19.29.01,unet_Jaccard,,afm_optico
305,unet,2023.06.02-19.38.05,unet_Jaccard,,afm_optico
306,unet,2023.06.02-20.22.44,unet_Jaccard,,afm_optico
307,unet,2023.06.02-20.23.50,unet_Jaccard,,afm_optico
308,unet,2023.06.02-20.26.43,unet_Jaccard,,afm_optico
309,unet,2023.06.02-20.30.15,unet_Jaccard,,afm_optico
310,unet,2023.06.02-20.31.45,unet_Jaccard,,afm_optico
311,unet,2023.06.02-20.32.27,unet_Jaccard,,afm_optico
312,unet,2021.07.27-20.24.13,unet_Precision,,afm_optico
313,unet,2022.04.09-22.15.32,unet_Precision,,afm_optico
314,unet,2023.03.26-07.00.18,unet_Precision,,afm_optico
315,unet,2023.03.26-07.02.39,unet_Precision,,afm_optico
316,unet,2023.03.26-11.25.23,unet_Precision,,afm_optico
317,unet,2023.03.26-11.28.40,unet_Precision,,afm_optico
318,unet,2023.03.26-15.52.33,unet_Precision,,afm_optico
319,unet,2023.03.26-15.53.37,unet_Precision,,afm_optico
320,unet,2023.03.26-18.43.02,unet_Precision,,afm_optico
321,unet,2023.03.26-18.45.32,unet_Precision,,afm_optico
322,unet,2023.03.26-18.56.14,unet_Precision,,afm_optico
323,unet,2023.03.26-18.59.12,unet_Precision,,afm_optico
324,unet,2023.03.26-19.01.32,unet_Precision,,afm_optico
325,unet,2023.03.26-22.54.06,unet_Precision,,afm_optico
326,unet,2023.03.26-22.54.41,unet_Precision,,afm_optico
327,unet,2023.03.26-22.56.46,unet_Precision,,afm_optico
328,unet,2023.03.26-22.57.27,unet_Precision,,afm_optico
329,unet,2023.03.28-22.27.27,unet_Precision,,afm_optico
330,unet,2023.03.28-22.29.11,unet_Precision,,afm_optico
331,unet,2023.03.28-22.40.02,unet_Precision,,afm_optico
332,unet,2023.03.28-22.40.42,unet_Precision,,afm_optico
333,unet,2023.03.28-22.41.32,unet_Precision,,afm_optico
334,unet,2023.03.29-21.52.58,unet_Precision,,afm_optico
335,unet,2023.03.29-21.54.34,unet_Precision,,afm_optico
336,unet,2023.03.29-21.57.23,unet_Precision,,afm_optico
337,unet,2023.03.29-22.03.33,unet_Precision,,afm_optico
338,unet,2023.03.29-22.07.18,unet_Precision,,afm_optico
339,unet,2023.03.30-12.27.27,unet_Precision,,afm_optico
340,unet,2023.03.30-12.28.32,unet_Precision,,afm_optico
341,unet,2023.03.30-12.29.32,unet_Precision,,afm_optico
342,unet,2023.03.30-12.31.57,unet_Precision,,afm_optico
343,unet,2023.03.30-12.33.04,unet_Precision,,afm_optico
344,unet,2023.03.30-12.33.45,unet_Precision,,afm_optico
345,unet,2023.03.30-16.13.37,unet_Precision,,afm_optico
346,unet,2023.03.30-17.34.33,unet_Precision,,afm_optico
347,unet,2023.03.30-19.58.05,unet_Precision,,afm_optico
348,unet,2023.03.30-19.58.41,unet_Precision,,afm_optico
349,unet,2023.03.30-20.03.56,unet_Precision,,afm_optico
350,unet,2023.03.30-20.04.42,unet_Precision,,afm_optico
351,unet,2023.06.02-19.19.46,unet_Precision,,afm_optico
352,unet,2023.06.02-19.22.04,unet_Precision,,afm_optico
353,unet,2023.06.02-19.22.49,unet_Precision,,afm_optico
354,unet,2023.06.02-19.23.39,unet_Precision,,afm_optico
355,unet,2023.06.02-19.28.13,unet_Precision,,afm_optico
356,unet,2023.06.02-19.29.01,unet_Precision,,afm_optico
357,unet,2023.06.02-19.38.05,unet_Precision,,afm_optico
358,unet,2023.06.02-20.22.44,unet_Precision,,afm_optico
359,unet,2023.06.02-20.23.50,unet_Precision,,afm_optico
360,unet,2023.06.02-20.26.43,unet_Precision,,afm_optico
361,unet,2023.06.02-20.30.15,unet_Precision,,afm_optico
362,unet,2023.06.02-20.31.45,unet_Precision,,afm_optico
363,unet,2023.06.02-20.32.27,unet_Precision,,afm_optico
364,unet,2021.07.27-20.24.13,unet_Recall,,afm_optico
365,unet,2022.04.09-22.15.32,unet_Recall,,afm_optico
366,unet,2023.03.26-07.00.18,unet_Recall,,afm_optico
367,unet,2023.03.26-07.02.39,unet_Recall,,afm_optico
368,unet,2023.03.26-11.25.23,unet_Recall,,afm_optico
369,unet,2023.03.26-11.28.40,unet_Recall,,afm_optico
370,unet,2023.03.26-15.52.33,unet_Recall,,afm_optico
371,unet,2023.03.26-15.53.37,unet_Recall,,afm_optico
372,unet,2023.03.26-18.43.02,unet_Recall,,afm_optico
373,unet,2023.03.26-18.45.32,unet_Recall,,afm_optico
374,unet,2023.03.26-18.56.14,unet_Recall,,afm_optico
375,unet,2023.03.26-18.59.12,unet_Recall,,afm_optico
376,unet,2023.03.26-19.01.32,unet_Recall,,afm_optico
377,unet,2023.03.26-22.54.06,unet_Recall,,afm_optico
378,unet,2023.03.26-22.54.41,unet_Recall,,afm_optico
379,unet,2023.03.26-22.56.46,unet_Recall,,afm_optico
380,unet,2023.03.26-22.57.27,unet_Recall,,afm_optico
381,unet,2023.03.28-22.27.27,unet_Recall,,afm_optico
382,unet,2023.03.28-22.29.11,unet_Recall,,afm_optico
383,unet,2023.03.28-22.40.02,unet_Recall,,afm_optico
384,unet,2023.03.28-22.40.42,unet_Recall,,afm_optico
385,unet,2023.03.28-22.41.32,unet_Recall,,afm_optico
386,unet,2023.03.29-21.52.58,unet_Recall,,afm_optico
387,unet,2023.03.29-21.54.34,unet_Recall,,afm_optico
388,unet,2023.03.29-21.57.23,unet_Recall,,afm_optico
389,unet,2023.03.29-22.03.33,unet_Recall,,afm_optico
390,unet,2023.03.29-22.07.18,unet_Recall,,afm_optico
391,unet,2023.03.30-12.27.27,unet_Recall,,afm_optico
392,unet,2023.03.30-12.28.32,unet_Recall,,afm_optico
393,unet,2023.03.30-12.29.32,unet_Recall,,afm_optico
394,unet,2023.03.30-12.31.57,unet_Recall,,afm_optico
395,unet,2023.03.30-12.33.04,unet_Recall,,afm_optico
396,unet,2023.03.30-12.33.45,unet_Recall,,afm_optico
397,unet,2023.03.30-16.13.37,unet_Recall,,afm_optico
398,unet,2023.03.30-17.34.33,unet_Recall,,afm_optico
399,unet,2023.03.30-19.58.05,unet_Recall,,afm_optico
400,unet,2023.03.30-19.58.41,unet_Recall,,afm_optico
401,unet,2023.03.30-20.03.56,unet_Recall,,afm_optico
402,unet,2023.03.30-20.04.42,unet_Recall,,afm_optico
403,unet,2023.06.02-19.19.46,unet_Recall,,afm_optico
404,unet,2023.06.02-19.22.04,unet_Recall,,afm_optico
405,unet,2023.06.02-19.22.49,unet_Recall,,afm_optico
406,unet,2023.06.02-19.23.39,unet_Recall,,afm_optico
407,unet,2023.06.02-19.28.13,unet_Recall,,afm_optico
408,unet,2023.06.02-19.29.01,unet_Recall,,afm_optico
409,unet,2023.06.02-19.38.05,unet_Recall,,afm_optico
410,unet,2023.06.02-20.22.44,unet_Recall,,afm_optico
411,unet,2023.06.02-20.23.50,unet_Recall,,afm_optico
412,unet,2023.06.02-20.26.43,unet_Recall,,afm_optico
413,unet,2023.06.02-20.30.15,unet_Recall,,afm_optico
414,unet,2023.06.02-20.31.45,unet_Recall,,afm_optico
415,unet,2023.06.02-20.32.27,unet_Recall,,afm_optico
416,unet,2021.07.27-20.24.13,Jaccard,0.458041958041958,only_optico
417,unet,2022.04.09-22.15.32,Jaccard,0.0508021390374331,only_optico
418,unet,2023.03.26-07.00.18,Jaccard,0.0,only_optico
419,unet,2023.03.26-07.02.39,Jaccard,0.3928571428571428,only_optico
420,unet,2023.03.26-11.25.23,Jaccard,0.0,only_optico
421,unet,2023.03.26-11.28.40,Jaccard,0.0,only_optico
422,unet,2023.03.26-15.52.33,Jaccard,0.1555555555555555,only_optico
423,unet,2023.03.26-15.53.37,Jaccard,0.2179487179487179,only_optico
424,unet,2023.03.26-18.43.02,Jaccard,0.3088235294117647,only_optico
425,unet,2023.03.26-18.45.32,Jaccard,0.0,only_optico
426,unet,2023.03.26-18.56.14,Jaccard,0.1696969696969697,only_optico
427,unet,2023.03.26-18.59.12,Jaccard,0.2761194029850746,only_optico
428,unet,2023.03.26-19.01.32,Jaccard,0.270440251572327,only_optico
429,unet,2023.03.26-22.54.06,Jaccard,0.059322033898305,only_optico
430,unet,2023.03.26-22.54.41,Jaccard,0.0,only_optico
431,unet,2023.03.26-22.56.46,Jaccard,0.4645669291338583,only_optico
432,unet,2023.03.26-22.57.27,Jaccard,0.1037735849056603,only_optico
433,unet,2023.03.28-22.27.27,Jaccard,0.2748091603053435,only_optico
434,unet,2023.03.28-22.29.11,Jaccard,0.1695906432748538,only_optico
435,unet,2023.03.28-22.40.02,Jaccard,0.0,only_optico
436,unet,2023.03.28-22.40.42,Jaccard,0.2051282051282051,only_optico
437,unet,2023.03.28-22.41.32,Jaccard,0.0,only_optico
438,unet,2023.03.29-21.52.58,Jaccard,0.1016949152542373,only_optico
439,unet,2023.03.29-21.54.34,Jaccard,0.0,only_optico
440,unet,2023.03.29-21.57.23,Jaccard,0.1094890510948905,only_optico
441,unet,2023.03.29-22.03.33,Jaccard,0.1455399061032863,only_optico
442,unet,2023.03.29-22.07.18,Jaccard,0.1461538461538461,only_optico
443,unet,2023.03.30-12.27.27,Jaccard,0.0,only_optico
444,unet,2023.03.30-12.28.32,Jaccard,0.0620155038759689,only_optico
445,unet,2023.03.30-12.29.32,Jaccard,0.1383647798742138,only_optico
446,unet,2023.03.30-12.31.57,Jaccard,0.0,only_optico
447,unet,2023.03.30-12.33.04,Jaccard,0.1192660550458715,only_optico
448,unet,2023.03.30-12.33.45,Jaccard,0.3923076923076923,only_optico
449,unet,2023.03.30-16.13.37,Jaccard,0.2228260869565217,only_optico
450,unet,2023.03.30-17.34.33,Jaccard,0.9135802469135802,only_optico
451,unet,2023.03.30-19.58.05,Jaccard,0.3144329896907216,only_optico
452,unet,2023.03.30-19.58.41,Jaccard,0.0652173913043478,only_optico
453,unet,2023.03.30-20.03.56,Jaccard,0.2101449275362318,only_optico
454,unet,2023.03.30-20.04.42,Jaccard,0.3189655172413793,only_optico
455,unet,2023.06.02-19.19.46,Jaccard,0.4850746268656716,only_optico
456,unet,2023.06.02-19.22.04,Jaccard,0.4189189189189189,only_optico
457,unet,2023.06.02-19.22.49,Jaccard,0.4272727272727272,only_optico
458,unet,2023.06.02-19.23.39,Jaccard,0.2226890756302521,only_optico
459,unet,2023.06.02-19.28.13,Jaccard,0.672566371681416,only_optico
460,unet,2023.06.02-19.29.01,Jaccard,0.5648854961832062,only_optico
461,unet,2023.06.02-19.38.05,Jaccard,0.48125,only_optico
462,unet,2023.06.02-20.22.44,Jaccard,0.368,only_optico
463,unet,2023.06.02-20.23.50,Jaccard,0.25,only_optico
464,unet,2023.06.02-20.26.43,Jaccard,0.4538461538461538,only_optico
465,unet,2023.06.02-20.30.15,Jaccard,0.44,only_optico
466,unet,2023.06.02-20.31.45,Jaccard,0.5619834710743802,only_optico
467,unet,2023.06.02-20.32.27,Jaccard,0.3,only_optico
468,unet,2021.07.27-20.24.13,Recall,0.4628975265017668,only_optico
469,unet,2022.04.09-22.15.32,Recall,0.080168776371308,only_optico
470,unet,2023.03.26-07.00.18,Recall,0.0,only_optico
471,unet,2023.03.26-07.02.39,Recall,0.3948717948717948,only_optico
472,unet,2023.03.26-11.25.23,Recall,0.0,only_optico
473,unet,2023.03.26-11.28.40,Recall,0.0,only_optico
474,unet,2023.03.26-15.52.33,Recall,0.1555555555555555,only_optico
475,unet,2023.03.26-15.53.37,Recall,0.2677165354330709,only_optico
476,unet,2023.03.26-18.43.02,Recall,0.3088235294117647,only_optico
477,unet,2023.03.26-18.45.32,Recall,0.0,only_optico
478,unet,2023.03.26-18.56.14,Recall,0.1739130434782608,only_optico
479,unet,2023.03.26-18.59.12,Recall,0.2761194029850746,only_optico
480,unet,2023.03.26-19.01.32,Recall,0.270440251572327,only_optico
481,unet,2023.03.26-22.54.06,Recall,0.059322033898305,only_optico
482,unet,2023.03.26-22.54.41,Recall,0.0,only_optico
483,unet,2023.03.26-22.56.46,Recall,0.4645669291338583,only_optico
484,unet,2023.03.26-22.57.27,Recall,0.1042654028436018,only_optico
485,unet,2023.03.28-22.27.27,Recall,0.2748091603053435,only_optico
486,unet,2023.03.28-22.29.11,Recall,0.1695906432748538,only_optico
487,unet,2023.03.28-22.40.02,Recall,0.0,only_optico
488,unet,2023.03.28-22.40.42,Recall,0.2051282051282051,only_optico
489,unet,2023.03.28-22.41.32,Recall,0.0,only_optico
490,unet,2023.03.29-21.52.58,Recall,0.1016949152542373,only_optico
491,unet,2023.03.29-21.54.34,Recall,0.0,only_optico
492,unet,2023.03.29-21.57.23,Recall,0.1094890510948905,only_optico
493,unet,2023.03.29-22.03.33,Recall,0.1462264150943396,only_optico
494,unet,2023.03.29-22.07.18,Recall,0.1461538461538461,only_optico
495,unet,2023.03.30-12.27.27,Recall,0.0,only_optico
496,unet,2023.03.30-12.28.32,Recall,0.0620155038759689,only_optico
497,unet,2023.03.30-12.29.32,Recall,0.1913043478260869,only_optico
498,unet,2023.03.30-12.31.57,Recall,0.0,only_optico
499,unet,2023.03.30-12.33.04,Recall,0.1192660550458715,only_optico
500,unet,2023.03.30-12.33.45,Recall,0.4146341463414634,only_optico
501,unet,2023.03.30-16.13.37,Recall,0.2252747252747252,only_optico
502,unet,2023.03.30-17.34.33,Recall,0.9932885906040269,only_optico
503,unet,2023.03.30-19.58.05,Recall,0.3765432098765432,only_optico
504,unet,2023.03.30-19.58.41,Recall,0.0655737704918032,only_optico
505,unet,2023.03.30-20.03.56,Recall,0.2265625,only_optico
506,unet,2023.03.30-20.04.42,Recall,0.3303571428571428,only_optico
507,unet,2023.06.02-19.19.46,Recall,0.4924242424242424,only_optico
508,unet,2023.06.02-19.22.04,Recall,0.4189189189189189,only_optico
509,unet,2023.06.02-19.22.49,Recall,0.4519230769230769,only_optico
510,unet,2023.06.02-19.23.39,Recall,0.4568965517241379,only_optico
511,unet,2023.06.02-19.28.13,Recall,0.7307692307692307,only_optico
512,unet,2023.06.02-19.29.01,Recall,0.6065573770491803,only_optico
513,unet,2023.06.02-19.38.05,Recall,0.719626168224299,only_optico
514,unet,2023.06.02-20.22.44,Recall,0.3709677419354839,only_optico
515,unet,2023.06.02-20.23.50,Recall,0.314516129032258,only_optico
516,unet,2023.06.02-20.26.43,Recall,0.6276595744680851,only_optico
517,unet,2023.06.02-20.30.15,Recall,0.4700854700854701,only_optico
518,unet,2023.06.02-20.31.45,Recall,0.591304347826087,only_optico
519,unet,2023.06.02-20.32.27,Recall,0.3577981651376147,only_optico
520,unet,2021.07.27-20.24.13,Precision,0.9776119402985076,only_optico
521,unet,2022.04.09-22.15.32,Precision,0.1217948717948717,only_optico
522,unet,2023.03.26-07.00.18,Precision,0.0,only_optico
523,unet,2023.03.26-07.02.39,Precision,0.9871794871794872,only_optico
524,unet,2023.03.26-11.25.23,Precision,0.0,only_optico
525,unet,2023.03.26-11.28.40,Precision,0.0,only_optico
526,unet,2023.03.26-15.52.33,Precision,1.0,only_optico
527,unet,2023.03.26-15.53.37,Precision,0.5396825396825397,only_optico
528,unet,2023.03.26-18.43.02,Precision,1.0,only_optico
529,unet,2023.03.26-18.45.32,Precision,0.0,only_optico
530,unet,2023.03.26-18.56.14,Precision,0.875,only_optico
531,unet,2023.03.26-18.59.12,Precision,1.0,only_optico
532,unet,2023.03.26-19.01.32,Precision,1.0,only_optico
533,unet,2023.03.26-22.54.06,Precision,1.0,only_optico
534,unet,2023.03.26-22.54.41,Precision,0.0,only_optico
535,unet,2023.03.26-22.56.46,Precision,1.0,only_optico
536,unet,2023.03.26-22.57.27,Precision,0.9565217391304348,only_optico
537,unet,2023.03.28-22.27.27,Precision,1.0,only_optico
538,unet,2023.03.28-22.29.11,Precision,1.0,only_optico
539,unet,2023.03.28-22.40.02,Precision,0.0,only_optico
540,unet,2023.03.28-22.40.42,Precision,1.0,only_optico
541,unet,2023.03.28-22.41.32,Precision,0.0,only_optico
542,unet,2023.03.29-21.52.58,Precision,1.0,only_optico
543,unet,2023.03.29-21.54.34,Precision,0.0,only_optico
544,unet,2023.03.29-21.57.23,Precision,1.0,only_optico
545,unet,2023.03.29-22.03.33,Precision,0.96875,only_optico
546,unet,2023.03.29-22.07.18,Precision,1.0,only_optico
547,unet,2023.03.30-12.27.27,Precision,0.0,only_optico
548,unet,2023.03.30-12.28.32,Precision,1.0,only_optico
549,unet,2023.03.30-12.29.32,Precision,0.3333333333333333,only_optico
550,unet,2023.03.30-12.31.57,Precision,0.0,only_optico
551,unet,2023.03.30-12.33.04,Precision,1.0,only_optico
552,unet,2023.03.30-12.33.45,Precision,0.8793103448275862,only_optico
553,unet,2023.03.30-16.13.37,Precision,0.9534883720930232,only_optico
554,unet,2023.03.30-17.34.33,Precision,0.9192546583850932,only_optico
555,unet,2023.03.30-19.58.05,Precision,0.6559139784946236,only_optico
556,unet,2023.03.30-19.58.41,Precision,0.9230769230769232,only_optico
557,unet,2023.03.30-20.03.56,Precision,0.7435897435897436,only_optico
558,unet,2023.03.30-20.04.42,Precision,0.902439024390244,only_optico
559,unet,2023.06.02-19.19.46,Precision,0.9701492537313432,only_optico
560,unet,2023.06.02-19.22.04,Precision,1.0,only_optico
561,unet,2023.06.02-19.22.49,Precision,0.8867924528301887,only_optico
562,unet,2023.06.02-19.23.39,Precision,0.3028571428571429,only_optico
563,unet,2023.06.02-19.28.13,Precision,0.8941176470588236,only_optico
564,unet,2023.06.02-19.29.01,Precision,0.891566265060241,only_optico
565,unet,2023.06.02-19.38.05,Precision,0.5923076923076923,only_optico
566,unet,2023.06.02-20.22.44,Precision,0.9787234042553192,only_optico
567,unet,2023.06.02-20.23.50,Precision,0.5492957746478874,only_optico
568,unet,2023.06.02-20.26.43,Precision,0.6210526315789474,only_optico
569,unet,2023.06.02-20.30.15,Precision,0.873015873015873,only_optico
570,unet,2023.06.02-20.31.45,Precision,0.918918918918919,only_optico
571,unet,2023.06.02-20.32.27,Precision,0.65,only_optico
572,unet,2021.07.27-20.24.13,F1,0.6282973621103118,only_optico
573,unet,2022.04.09-22.15.32,F1,0.0966921119592875,only_optico
574,unet,2023.03.26-07.00.18,F1,0.0,only_optico
575,unet,2023.03.26-07.02.39,F1,0.5641025641025641,only_optico
576,unet,2023.03.26-11.25.23,F1,0.0,only_optico
577,unet,2023.03.26-11.28.40,F1,0.0,only_optico
578,unet,2023.03.26-15.52.33,F1,0.2692307692307693,only_optico
579,unet,2023.03.26-15.53.37,F1,0.3578947368421052,only_optico
580,unet,2023.03.26-18.43.02,F1,0.4719101123595506,only_optico
581,unet,2023.03.26-18.45.32,F1,0.0,only_optico
582,unet,2023.03.26-18.56.14,F1,0.2901554404145078,only_optico
583,unet,2023.03.26-18.59.12,F1,0.4327485380116959,only_optico
584,unet,2023.03.26-19.01.32,F1,0.4257425742574257,only_optico
585,unet,2023.03.26-22.54.06,F1,0.112,only_optico
586,unet,2023.03.26-22.54.41,F1,0.0,only_optico
587,unet,2023.03.26-22.56.46,F1,0.6344086021505376,only_optico
588,unet,2023.03.26-22.57.27,F1,0.188034188034188,only_optico
589,unet,2023.03.28-22.27.27,F1,0.4311377245508982,only_optico
590,unet,2023.03.28-22.29.11,F1,0.29,only_optico
591,unet,2023.03.28-22.40.02,F1,0.0,only_optico
592,unet,2023.03.28-22.40.42,F1,0.3404255319148936,only_optico
593,unet,2023.03.28-22.41.32,F1,0.0,only_optico
594,unet,2023.03.29-21.52.58,F1,0.1846153846153846,only_optico
595,unet,2023.03.29-21.54.34,F1,0.0,only_optico
596,unet,2023.03.29-21.57.23,F1,0.1973684210526315,only_optico
597,unet,2023.03.29-22.03.33,F1,0.2540983606557377,only_optico
598,unet,2023.03.29-22.07.18,F1,0.2550335570469799,only_optico
599,unet,2023.03.30-12.27.27,F1,0.0,only_optico
600,unet,2023.03.30-12.28.32,F1,0.1167883211678832,only_optico
601,unet,2023.03.30-12.29.32,F1,0.2430939226519337,only_optico
602,unet,2023.03.30-12.31.57,F1,0.0,only_optico
603,unet,2023.03.30-12.33.04,F1,0.2131147540983606,only_optico
604,unet,2023.03.30-12.33.45,F1,0.5635359116022098,only_optico
605,unet,2023.03.30-16.13.37,F1,0.3644444444444444,only_optico
606,unet,2023.03.30-17.34.33,F1,0.9548387096774196,only_optico
607,unet,2023.03.30-19.58.05,F1,0.4784313725490196,only_optico
608,unet,2023.03.30-19.58.41,F1,0.1224489795918367,only_optico
609,unet,2023.03.30-20.03.56,F1,0.3473053892215569,only_optico
610,unet,2023.03.30-20.04.42,F1,0.4836601307189542,only_optico
611,unet,2023.06.02-19.19.46,F1,0.6532663316582914,only_optico
612,unet,2023.06.02-19.22.04,F1,0.5904761904761905,only_optico
613,unet,2023.06.02-19.22.49,F1,0.5987261146496815,only_optico
614,unet,2023.06.02-19.23.39,F1,0.3642611683848797,only_optico
615,unet,2023.06.02-19.28.13,F1,0.8042328042328043,only_optico
616,unet,2023.06.02-19.29.01,F1,0.7219512195121952,only_optico
617,unet,2023.06.02-19.38.05,F1,0.649789029535865,only_optico
618,unet,2023.06.02-20.22.44,F1,0.5380116959064327,only_optico
619,unet,2023.06.02-20.23.50,F1,0.3999999999999999,only_optico
620,unet,2023.06.02-20.26.43,F1,0.6243386243386243,only_optico
621,unet,2023.06.02-20.30.15,F1,0.611111111111111,only_optico
622,unet,2023.06.02-20.31.45,F1,0.7195767195767196,only_optico
623,unet,2023.06.02-20.32.27,F1,0.4615384615384616,only_optico
624,unet,2021.07.27-20.24.13,unet_F1,,only_optico
625,unet,2022.04.09-22.15.32,unet_F1,,only_optico
626,unet,2023.03.26-07.00.18,unet_F1,,only_optico
627,unet,2023.03.26-07.02.39,unet_F1,,only_optico
628,unet,2023.03.26-11.25.23,unet_F1,,only_optico
629,unet,2023.03.26-11.28.40,unet_F1,,only_optico
630,unet,2023.03.26-15.52.33,unet_F1,,only_optico
631,unet,2023.03.26-15.53.37,unet_F1,,only_optico
632,unet,2023.03.26-18.43.02,unet_F1,,only_optico
633,unet,2023.03.26-18.45.32,unet_F1,,only_optico
634,unet,2023.03.26-18.56.14,unet_F1,,only_optico
635,unet,2023.03.26-18.59.12,unet_F1,,only_optico
636,unet,2023.03.26-19.01.32,unet_F1,,only_optico
637,unet,2023.03.26-22.54.06,unet_F1,,only_optico
638,unet,2023.03.26-22.54.41,unet_F1,,only_optico
639,unet,2023.03.26-22.56.46,unet_F1,,only_optico
640,unet,2023.03.26-22.57.27,unet_F1,,only_optico
641,unet,2023.03.28-22.27.27,unet_F1,,only_optico
642,unet,2023.03.28-22.29.11,unet_F1,,only_optico
643,unet,2023.03.28-22.40.02,unet_F1,,only_optico
644,unet,2023.03.28-22.40.42,unet_F1,,only_optico
645,unet,2023.03.28-22.41.32,unet_F1,,only_optico
646,unet,2023.03.29-21.52.58,unet_F1,,only_optico
647,unet,2023.03.29-21.54.34,unet_F1,,only_optico
648,unet,2023.03.29-21.57.23,unet_F1,,only_optico
649,unet,2023.03.29-22.03.33,unet_F1,,only_optico
650,unet,2023.03.29-22.07.18,unet_F1,,only_optico
651,unet,2023.03.30-12.27.27,unet_F1,,only_optico
652,unet,2023.03.30-12.28.32,unet_F1,,only_optico
653,unet,2023.03.30-12.29.32,unet_F1,,only_optico
654,unet,2023.03.30-12.31.57,unet_F1,,only_optico
655,unet,2023.03.30-12.33.04,unet_F1,,only_optico
656,unet,2023.03.30-12.33.45,unet_F1,,only_optico
657,unet,2023.03.30-16.13.37,unet_F1,,only_optico
658,unet,2023.03.30-17.34.33,unet_F1,,only_optico
659,unet,2023.03.30-19.58.05,unet_F1,,only_optico
660,unet,2023.03.30-19.58.41,unet_F1,,only_optico
661,unet,2023.03.30-20.03.56,unet_F1,,only_optico
662,unet,2023.03.30-20.04.42,unet_F1,,only_optico
663,unet,2023.06.02-19.19.46,unet_F1,,only_optico
664,unet,2023.06.02-19.22.04,unet_F1,,only_optico
665,unet,2023.06.02-19.22.49,unet_F1,,only_optico
666,unet,2023.06.02-19.23.39,unet_F1,,only_optico
667,unet,2023.06.02-19.28.13,unet_F1,,only_optico
668,unet,2023.06.02-19.29.01,unet_F1,,only_optico
669,unet,2023.06.02-19.38.05,unet_F1,,only_optico
670,unet,2023.06.02-20.22.44,unet_F1,,only_optico
671,unet,2023.06.02-20.23.50,unet_F1,,only_optico
672,unet,2023.06.02-20.26.43,unet_F1,,only_optico
673,unet,2023.06.02-20.30.15,unet_F1,,only_optico
674,unet,2023.06.02-20.31.45,unet_F1,,only_optico
675,unet,2023.06.02-20.32.27,unet_F1,,only_optico
676,unet,2021.07.27-20.24.13,unet_Jaccard,,only_optico
677,unet,2022.04.09-22.15.32,unet_Jaccard,,only_optico
678,unet,2023.03.26-07.00.18,unet_Jaccard,,only_optico
679,unet,2023.03.26-07.02.39,unet_Jaccard,,only_optico
680,unet,2023.03.26-11.25.23,unet_Jaccard,,only_optico
681,unet,2023.03.26-11.28.40,unet_Jaccard,,only_optico
682,unet,2023.03.26-15.52.33,unet_Jaccard,,only_optico
683,unet,2023.03.26-15.53.37,unet_Jaccard,,only_optico
684,unet,2023.03.26-18.43.02,unet_Jaccard,,only_optico
685,unet,2023.03.26-18.45.32,unet_Jaccard,,only_optico
686,unet,2023.03.26-18.56.14,unet_Jaccard,,only_optico
687,unet,2023.03.26-18.59.12,unet_Jaccard,,only_optico
688,unet,2023.03.26-19.01.32,unet_Jaccard,,only_optico
689,unet,2023.03.26-22.54.06,unet_Jaccard,,only_optico
690,unet,2023.03.26-22.54.41,unet_Jaccard,,only_optico
691,unet,2023.03.26-22.56.46,unet_Jaccard,,only_optico
692,unet,2023.03.26-22.57.27,unet_Jaccard,,only_optico
693,unet,2023.03.28-22.27.27,unet_Jaccard,,only_optico
694,unet,2023.03.28-22.29.11,unet_Jaccard,,only_optico
695,unet,2023.03.28-22.40.02,unet_Jaccard,,only_optico
696,unet,2023.03.28-22.40.42,unet_Jaccard,,only_optico
697,unet,2023.03.28-22.41.32,unet_Jaccard,,only_optico
698,unet,2023.03.29-21.52.58,unet_Jaccard,,only_optico
699,unet,2023.03.29-21.54.34,unet_Jaccard,,only_optico
700,unet,2023.03.29-21.57.23,unet_Jaccard,,only_optico
701,unet,2023.03.29-22.03.33,unet_Jaccard,,only_optico
702,unet,2023.03.29-22.07.18,unet_Jaccard,,only_optico
703,unet,2023.03.30-12.27.27,unet_Jaccard,,only_optico
704,unet,2023.03.30-12.28.32,unet_Jaccard,,only_optico
705,unet,2023.03.30-12.29.32,unet_Jaccard,,only_optico
706,unet,2023.03.30-12.31.57,unet_Jaccard,,only_optico
707,unet,2023.03.30-12.33.04,unet_Jaccard,,only_optico
708,unet,2023.03.30-12.33.45,unet_Jaccard,,only_optico
709,unet,2023.03.30-16.13.37,unet_Jaccard,,only_optico
710,unet,2023.03.30-17.34.33,unet_Jaccard,,only_optico
711,unet,2023.03.30-19.58.05,unet_Jaccard,,only_optico
712,unet,2023.03.30-19.58.41,unet_Jaccard,,only_optico
713,unet,2023.03.30-20.03.56,unet_Jaccard,,only_optico
714,unet,2023.03.30-20.04.42,unet_Jaccard,,only_optico
715,unet,2023.06.02-19.19.46,unet_Jaccard,,only_optico
716,unet,2023.06.02-19.22.04,unet_Jaccard,,only_optico
717,unet,2023.06.02-19.22.49,unet_Jaccard,,only_optico
718,unet,2023.06.02-19.23.39,unet_Jaccard,,only_optico
719,unet,2023.06.02-19.28.13,unet_Jaccard,,only_optico
720,unet,2023.06.02-19.29.01,unet_Jaccard,,only_optico
721,unet,2023.06.02-19.38.05,unet_Jaccard,,only_optico
722,unet,2023.06.02-20.22.44,unet_Jaccard,,only_optico
723,unet,2023.06.02-20.23.50,unet_Jaccard,,only_optico
724,unet,2023.06.02-20.26.43,unet_Jaccard,,only_optico
725,unet,2023.06.02-20.30.15,unet_Jaccard,,only_optico
726,unet,2023.06.02-20.31.45,unet_Jaccard,,only_optico
727,unet,2023.06.02-20.32.27,unet_Jaccard,,only_optico
728,unet,2021.07.27-20.24.13,unet_Precision,,only_optico
729,unet,2022.04.09-22.15.32,unet_Precision,,only_optico
730,unet,2023.03.26-07.00.18,unet_Precision,,only_optico
731,unet,2023.03.26-07.02.39,unet_Precision,,only_optico
732,unet,2023.03.26-11.25.23,unet_Precision,,only_optico
733,unet,2023.03.26-11.28.40,unet_Precision,,only_optico
734,unet,2023.03.26-15.52.33,unet_Precision,,only_optico
735,unet,2023.03.26-15.53.37,unet_Precision,,only_optico
736,unet,2023.03.26-18.43.02,unet_Precision,,only_optico
737,unet,2023.03.26-18.45.32,unet_Precision,,only_optico
738,unet,2023.03.26-18.56.14,unet_Precision,,only_optico
739,unet,2023.03.26-18.59.12,unet_Precision,,only_optico
740,unet,2023.03.26-19.01.32,unet_Precision,,only_optico
741,unet,2023.03.26-22.54.06,unet_Precision,,only_optico
742,unet,2023.03.26-22.54.41,unet_Precision,,only_optico
743,unet,2023.03.26-22.56.46,unet_Precision,,only_optico
744,unet,2023.03.26-22.57.27,unet_Precision,,only_optico
745,unet,2023.03.28-22.27.27,unet_Precision,,only_optico
746,unet,2023.03.28-22.29.11,unet_Precision,,only_optico
747,unet,2023.03.28-22.40.02,unet_Precision,,only_optico
748,unet,2023.03.28-22.40.42,unet_Precision,,only_optico
749,unet,2023.03.28-22.41.32,unet_Precision,,only_optico
750,unet,2023.03.29-21.52.58,unet_Precision,,only_optico
751,unet,2023.03.29-21.54.34,unet_Precision,,only_optico
752,unet,2023.03.29-21.57.23,unet_Precision,,only_optico
753,unet,2023.03.29-22.03.33,unet_Precision,,only_optico
754,unet,2023.03.29-22.07.18,unet_Precision,,only_optico
755,unet,2023.03.30-12.27.27,unet_Precision,,only_optico
756,unet,2023.03.30-12.28.32,unet_Precision,,only_optico
757,unet,2023.03.30-12.29.32,unet_Precision,,only_optico
758,unet,2023.03.30-12.31.57,unet_Precision,,only_optico
759,unet,2023.03.30-12.33.04,unet_Precision,,only_optico
760,unet,2023.03.30-12.33.45,unet_Precision,,only_optico
761,unet,2023.03.30-16.13.37,unet_Precision,,only_optico
762,unet,2023.03.30-17.34.33,unet_Precision,,only_optico
763,unet,2023.03.30-19.58.05,unet_Precision,,only_optico
764,unet,2023.03.30-19.58.41,unet_Precision,,only_optico
765,unet,2023.03.30-20.03.56,unet_Precision,,only_optico
766,unet,2023.03.30-20.04.42,unet_Precision,,only_optico
767,unet,2023.06.02-19.19.46,unet_Precision,,only_optico
768,unet,2023.06.02-19.22.04,unet_Precision,,only_optico
769,unet,2023.06.02-19.22.49,unet_Precision,,only_optico
770,unet,2023.06.02-19.23.39,unet_Precision,,only_optico
771,unet,2023.06.02-19.28.13,unet_Precision,,only_optico
772,unet,2023.06.02-19.29.01,unet_Precision,,only_optico
773,unet,2023.06.02-19.38.05,unet_Precision,,only_optico
774,unet,2023.06.02-20.22.44,unet_Precision,,only_optico
775,unet,2023.06.02-20.23.50,unet_Precision,,only_optico
776,unet,2023.06.02-20.26.43,unet_Precision,,only_optico
777,unet,2023.06.02-20.30.15,unet_Precision,,only_optico
778,unet,2023.06.02-20.31.45,unet_Precision,,only_optico
779,unet,2023.06.02-20.32.27,unet_Precision,,only_optico
780,unet,2021.07.27-20.24.13,unet_Recall,,only_optico
781,unet,2022.04.09-22.15.32,unet_Recall,,only_optico
782,unet,2023.03.26-07.00.18,unet_Recall,,only_optico
783,unet,2023.03.26-07.02.39,unet_Recall,,only_optico
784,unet,2023.03.26-11.25.23,unet_Recall,,only_optico
785,unet,2023.03.26-11.28.40,unet_Recall,,only_optico
786,unet,2023.03.26-15.52.33,unet_Recall,,only_optico
787,unet,2023.03.26-15.53.37,unet_Recall,,only_optico
788,unet,2023.03.26-18.43.02,unet_Recall,,only_optico
789,unet,2023.03.26-18.45.32,unet_Recall,,only_optico
790,unet,2023.03.26-18.56.14,unet_Recall,,only_optico
791,unet,2023.03.26-18.59.12,unet_Recall,,only_optico
792,unet,2023.03.26-19.01.32,unet_Recall,,only_optico
793,unet,2023.03.26-22.54.06,unet_Recall,,only_optico
794,unet,2023.03.26-22.54.41,unet_Recall,,only_optico
795,unet,2023.03.26-22.56.46,unet_Recall,,only_optico
796,unet,2023.03.26-22.57.27,unet_Recall,,only_optico
797,unet,2023.03.28-22.27.27,unet_Recall,,only_optico
798,unet,2023.03.28-22.29.11,unet_Recall,,only_optico
799,unet,2023.03.28-22.40.02,unet_Recall,,only_optico
800,unet,2023.03.28-22.40.42,unet_Recall,,only_optico
801,unet,2023.03.28-22.41.32,unet_Recall,,only_optico
802,unet,2023.03.29-21.52.58,unet_Recall,,only_optico
803,unet,2023.03.29-21.54.34,unet_Recall,,only_optico
804,unet,2023.03.29-21.57.23,unet_Recall,,only_optico
805,unet,2023.03.29-22.03.33,unet_Recall,,only_optico
806,unet,2023.03.29-22.07.18,unet_Recall,,only_optico
807,unet,2023.03.30-12.27.27,unet_Recall,,only_optico
808,unet,2023.03.30-12.28.32,unet_Recall,,only_optico
809,unet,2023.03.30-12.29.32,unet_Recall,,only_optico
810,unet,2023.03.30-12.31.57,unet_Recall,,only_optico
811,unet,2023.03.30-12.33.04,unet_Recall,,only_optico
812,unet,2023.03.30-12.33.45,unet_Recall,,only_optico
813,unet,2023.03.30-16.13.37,unet_Recall,,only_optico
814,unet,2023.03.30-17.34.33,unet_Recall,,only_optico
815,unet,2023.03.30-19.58.05,unet_Recall,,only_optico
816,unet,2023.03.30-19.58.41,unet_Recall,,only_optico
817,unet,2023.03.30-20.03.56,unet_Recall,,only_optico
818,unet,2023.03.30-20.04.42,unet_Recall,,only_optico
819,unet,2023.06.02-19.19.46,unet_Recall,,only_optico
820,unet,2023.06.02-19.22.04,unet_Recall,,only_optico
821,unet,2023.06.02-19.22.49,unet_Recall,,only_optico
822,unet,2023.06.02-19.23.39,unet_Recall,,only_optico
823,unet,2023.06.02-19.28.13,unet_Recall,,only_optico
824,unet,2023.06.02-19.29.01,unet_Recall,,only_optico
825,unet,2023.06.02-19.38.05,unet_Recall,,only_optico
826,unet,2023.06.02-20.22.44,unet_Recall,,only_optico
827,unet,2023.06.02-20.23.50,unet_Recall,,only_optico
828,unet,2023.06.02-20.26.43,unet_Recall,,only_optico
829,unet,2023.06.02-20.30.15,unet_Recall,,only_optico
830,unet,2023.06.02-20.31.45,unet_Recall,,only_optico
831,unet,2023.06.02-20.32.27,unet_Recall,,only_optico
832,xgb_proba,2021.07.27-20.24.13,Jaccard,0.4876325088339223,pixel
833,logisticRegression_proba,2022.04.09-22.15.32,Jaccard,0.3049180327868852,pixel
834,logisticRegression,2023.03.26-07.00.18,Jaccard,0.5360824742268041,pixel
835,xgb_proba,2023.03.26-07.02.39,Jaccard,0.2867383512544803,pixel
836,logisticRegression_proba,2023.03.26-11.25.23,Jaccard,0.4777777777777778,pixel
837,logisticRegression_proba,2023.03.26-11.28.40,Jaccard,0.5176056338028169,pixel
838,xgb_proba,2023.03.26-15.52.33,Jaccard,0.2317073170731707,pixel
839,logisticRegression_proba,2023.03.26-15.53.37,Jaccard,0.7536231884057971,pixel
840,xgb,2023.03.26-18.43.02,Jaccard,0.6845238095238095,pixel
841,xgb,2023.03.26-18.45.32,Jaccard,0.5163043478260869,pixel
842,xgb_proba,2023.03.26-18.56.14,Jaccard,0.4942528735632184,pixel
843,xgb,2023.03.26-18.59.12,Jaccard,0.6544502617801047,pixel
844,logisticRegression_proba,2023.03.26-19.01.32,Jaccard,0.1254752851711026,pixel
845,logisticRegression_proba,2023.03.26-22.54.06,Jaccard,0.2637362637362637,pixel
846,logisticRegression_proba,2023.03.26-22.54.41,Jaccard,0.4929577464788732,pixel
847,logisticRegression_proba,2023.03.26-22.56.46,Jaccard,0.1756097560975609,pixel
848,logisticRegression_proba,2023.03.26-22.57.27,Jaccard,0.4135021097046413,pixel
849,xgb,2023.03.28-22.27.27,Jaccard,0.6410256410256411,pixel
850,logisticRegression_proba,2023.03.28-22.29.11,Jaccard,0.3846153846153846,pixel
851,xgb,2023.03.28-22.40.02,Jaccard,0.3404255319148936,pixel
852,xgb,2023.03.28-22.40.42,Jaccard,0.5282051282051282,pixel
853,xgb,2023.03.28-22.41.32,Jaccard,0.5508982035928144,pixel
854,xgb,2023.03.29-21.52.58,Jaccard,0.0549450549450549,pixel
855,logisticRegression_proba,2023.03.29-21.54.34,Jaccard,0.2068965517241379,pixel
856,logisticRegression_proba,2023.03.29-21.57.23,Jaccard,0.4,pixel
857,logisticRegression_proba,2023.03.29-22.03.33,Jaccard,0.0879478827361563,pixel
858,xgb_proba,2023.03.29-22.07.18,Jaccard,0.0854700854700854,pixel
859,logisticRegression_proba,2023.03.30-12.27.27,Jaccard,0.5,pixel
860,logisticRegression_proba,2023.03.30-12.28.32,Jaccard,0.535483870967742,pixel
861,xgb,2023.03.30-12.29.32,Jaccard,0.2031872509960159,pixel
862,xgb,2023.03.30-12.31.57,Jaccard,0.2210526315789473,pixel
863,xgb,2023.03.30-12.33.04,Jaccard,0.3201970443349753,pixel
864,xgb,2023.03.30-12.33.45,Jaccard,0.208695652173913,pixel
865,logisticRegression_proba,2023.03.30-16.13.37,Jaccard,0.5181347150259067,pixel
866,logisticRegression_proba,2023.03.30-17.34.33,Jaccard,0.4408602150537634,pixel
867,xgb,2023.03.30-19.58.05,Jaccard,0.2811244979919678,pixel
868,logisticRegression_proba,2023.03.30-19.58.41,Jaccard,0.1204379562043795,pixel
869,logisticRegression_proba,2023.03.30-20.03.56,Jaccard,0.3333333333333333,pixel
870,xgb_proba,2023.03.30-20.04.42,Jaccard,0.2054263565891473,pixel
871,logisticRegression_proba,2023.06.02-19.19.46,Jaccard,0.3950617283950617,pixel
872,xgb_proba,2023.06.02-19.22.04,Jaccard,0.4972375690607735,pixel
873,xgb_proba,2023.06.02-19.22.49,Jaccard,0.4273858921161825,pixel
874,xgb,2023.06.02-19.23.39,Jaccard,0.4489795918367347,pixel
875,xgb,2023.06.02-19.28.13,Jaccard,0.430622009569378,pixel
876,xgb,2023.06.02-19.29.01,Jaccard,0.5318181818181819,pixel
877,xgb_proba,2023.06.02-19.38.05,Jaccard,0.2982456140350877,pixel
878,xgb,2023.06.02-20.22.44,Jaccard,0.5284090909090909,pixel
879,xgb,2023.06.02-20.23.50,Jaccard,0.2988505747126437,pixel
880,xgb,2023.06.02-20.26.43,Jaccard,0.3144329896907216,pixel
881,xgb,2023.06.02-20.30.15,Jaccard,0.4636363636363636,pixel
882,xgb_proba,2023.06.02-20.31.45,Jaccard,0.2603550295857988,pixel
883,xgb,2023.06.02-20.32.27,Jaccard,0.3072289156626506,pixel
884,xgb_proba,2021.07.27-20.24.13,Recall,0.4876325088339223,pixel
885,logisticRegression_proba,2022.04.09-22.15.32,Recall,0.3924050632911392,pixel
886,logisticRegression,2023.03.26-07.00.18,Recall,0.6624203821656051,pixel
887,xgb_proba,2023.03.26-07.02.39,Recall,0.4102564102564102,pixel
888,logisticRegression_proba,2023.03.26-11.25.23,Recall,0.6187050359712231,pixel
889,logisticRegression_proba,2023.03.26-11.28.40,Recall,0.5568181818181818,pixel
890,xgb_proba,2023.03.26-15.52.33,Recall,0.4222222222222222,pixel
891,logisticRegression_proba,2023.03.26-15.53.37,Recall,0.8188976377952756,pixel
892,xgb,2023.03.26-18.43.02,Recall,0.8455882352941176,pixel
893,xgb,2023.03.26-18.45.32,Recall,0.7786885245901639,pixel
894,xgb_proba,2023.03.26-18.56.14,Recall,0.5341614906832298,pixel
895,xgb,2023.03.26-18.59.12,Recall,0.9328358208955224,pixel
896,logisticRegression_proba,2023.03.26-19.01.32,Recall,0.2075471698113207,pixel
897,logisticRegression_proba,2023.03.26-22.54.06,Recall,0.4067796610169492,pixel
898,logisticRegression_proba,2023.03.26-22.54.41,Recall,0.4929577464788732,pixel
899,logisticRegression_proba,2023.03.26-22.56.46,Recall,0.2834645669291338,pixel
900,logisticRegression_proba,2023.03.26-22.57.27,Recall,0.4644549763033175,pixel
901,xgb,2023.03.28-22.27.27,Recall,0.7633587786259542,pixel
902,logisticRegression_proba,2023.03.28-22.29.11,Recall,0.4678362573099415,pixel
903,xgb,2023.03.28-22.40.02,Recall,0.6666666666666666,pixel
904,xgb,2023.03.28-22.40.42,Recall,0.6602564102564102,pixel
905,xgb,2023.03.28-22.41.32,Recall,0.968421052631579,pixel
906,xgb,2023.03.29-21.52.58,Recall,0.1271186440677966,pixel
907,logisticRegression_proba,2023.03.29-21.54.34,Recall,0.3461538461538461,pixel
908,logisticRegression_proba,2023.03.29-21.57.23,Recall,0.5109489051094891,pixel
909,logisticRegression_proba,2023.03.29-22.03.33,Recall,0.1273584905660377,pixel
910,xgb_proba,2023.03.29-22.07.18,Recall,0.1538461538461538,pixel
911,logisticRegression_proba,2023.03.30-12.27.27,Recall,0.6209677419354839,pixel
912,logisticRegression_proba,2023.03.30-12.28.32,Recall,0.6434108527131783,pixel
913,xgb,2023.03.30-12.29.32,Recall,0.4434782608695652,pixel
914,xgb,2023.03.30-12.31.57,Recall,0.3853211009174312,pixel
915,xgb,2023.03.30-12.33.04,Recall,0.5963302752293578,pixel
916,xgb,2023.03.30-12.33.45,Recall,0.3902439024390244,pixel
917,logisticRegression_proba,2023.03.30-16.13.37,Recall,0.5494505494505495,pixel
918,logisticRegression_proba,2023.03.30-17.34.33,Recall,0.5503355704697986,pixel
919,xgb,2023.03.30-19.58.05,Recall,0.4320987654320987,pixel
920,logisticRegression_proba,2023.03.30-19.58.41,Recall,0.180327868852459,pixel
921,logisticRegression_proba,2023.03.30-20.03.56,Recall,0.4609375,pixel
922,xgb_proba,2023.03.30-20.04.42,Recall,0.4732142857142857,pixel
923,logisticRegression_proba,2023.06.02-19.19.46,Recall,0.4848484848484848,pixel
924,xgb_proba,2023.06.02-19.22.04,Recall,0.6081081081081081,pixel
925,xgb_proba,2023.06.02-19.22.49,Recall,0.9903846153846154,pixel
926,xgb,2023.06.02-19.23.39,Recall,0.7586206896551724,pixel
927,xgb,2023.06.02-19.28.13,Recall,0.8653846153846154,pixel
928,xgb,2023.06.02-19.29.01,Recall,0.9590163934426228,pixel
929,xgb_proba,2023.06.02-19.38.05,Recall,0.6355140186915887,pixel
930,xgb,2023.06.02-20.22.44,Recall,0.75,pixel
931,xgb,2023.06.02-20.23.50,Recall,0.6290322580645161,pixel
932,xgb,2023.06.02-20.26.43,Recall,0.648936170212766,pixel
933,xgb,2023.06.02-20.30.15,Recall,0.8717948717948718,pixel
934,xgb_proba,2023.06.02-20.31.45,Recall,0.3826086956521739,pixel
935,xgb,2023.06.02-20.32.27,Recall,0.4678899082568807,pixel
936,xgb_proba,2021.07.27-20.24.13,Precision,1.0,pixel
937,logisticRegression_proba,2022.04.09-22.15.32,Precision,0.577639751552795,pixel
938,logisticRegression,2023.03.26-07.00.18,Precision,0.7375886524822695,pixel
939,xgb_proba,2023.03.26-07.02.39,Precision,0.4878048780487805,pixel
940,logisticRegression_proba,2023.03.26-11.25.23,Precision,0.6771653543307087,pixel
941,logisticRegression_proba,2023.03.26-11.28.40,Precision,0.8802395209580839,pixel
942,xgb_proba,2023.03.26-15.52.33,Precision,0.3392857142857143,pixel
943,logisticRegression_proba,2023.03.26-15.53.37,Precision,0.9043478260869564,pixel
944,xgb,2023.03.26-18.43.02,Precision,0.782312925170068,pixel
945,xgb,2023.03.26-18.45.32,Precision,0.6050955414012739,pixel
946,xgb_proba,2023.03.26-18.56.14,Precision,0.8686868686868687,pixel
947,xgb,2023.03.26-18.59.12,Precision,0.6868131868131868,pixel
948,logisticRegression_proba,2023.03.26-19.01.32,Precision,0.2408759124087591,pixel
949,logisticRegression_proba,2023.03.26-22.54.06,Precision,0.4285714285714285,pixel
950,logisticRegression_proba,2023.03.26-22.54.41,Precision,1.0,pixel
951,logisticRegression_proba,2023.03.26-22.56.46,Precision,0.3157894736842105,pixel
952,logisticRegression_proba,2023.03.26-22.57.27,Precision,0.7903225806451613,pixel
953,xgb,2023.03.28-22.27.27,Precision,0.8,pixel
954,logisticRegression_proba,2023.03.28-22.29.11,Precision,0.6837606837606838,pixel
955,xgb,2023.03.28-22.40.02,Precision,0.4102564102564102,pixel
956,xgb,2023.03.28-22.40.42,Precision,0.7253521126760564,pixel
957,xgb,2023.03.28-22.41.32,Precision,0.5609756097560976,pixel
958,xgb,2023.03.29-21.52.58,Precision,0.088235294117647,pixel
959,logisticRegression_proba,2023.03.29-21.54.34,Precision,0.3396226415094339,pixel
960,logisticRegression_proba,2023.03.29-21.57.23,Precision,0.6481481481481481,pixel
961,logisticRegression_proba,2023.03.29-22.03.33,Precision,0.221311475409836,pixel
962,xgb_proba,2023.03.29-22.07.18,Precision,0.1612903225806451,pixel
963,logisticRegression_proba,2023.03.30-12.27.27,Precision,0.719626168224299,pixel
964,logisticRegression_proba,2023.03.30-12.28.32,Precision,0.7614678899082569,pixel
965,xgb,2023.03.30-12.29.32,Precision,0.2727272727272727,pixel
966,xgb,2023.03.30-12.31.57,Precision,0.3414634146341463,pixel
967,xgb,2023.03.30-12.33.04,Precision,0.4088050314465409,pixel
968,xgb,2023.03.30-12.33.45,Precision,0.3096774193548387,pixel
969,logisticRegression_proba,2023.03.30-16.13.37,Precision,0.9009009009009008,pixel
970,logisticRegression_proba,2023.03.30-17.34.33,Precision,0.6890756302521008,pixel
971,xgb,2023.03.30-19.58.05,Precision,0.445859872611465,pixel
972,logisticRegression_proba,2023.03.30-19.58.41,Precision,0.2661290322580645,pixel
973,logisticRegression_proba,2023.03.30-20.03.56,Precision,0.5462962962962963,pixel
974,xgb_proba,2023.03.30-20.04.42,Precision,0.2663316582914573,pixel
975,logisticRegression_proba,2023.06.02-19.19.46,Precision,0.6808510638297872,pixel
976,xgb_proba,2023.06.02-19.22.04,Precision,0.7317073170731707,pixel
977,xgb_proba,2023.06.02-19.22.49,Precision,0.4291666666666666,pixel
978,xgb,2023.06.02-19.23.39,Precision,0.5238095238095238,pixel
979,xgb,2023.06.02-19.28.13,Precision,0.4615384615384615,pixel
980,xgb,2023.06.02-19.29.01,Precision,0.5441860465116279,pixel
981,xgb_proba,2023.06.02-19.38.05,Precision,0.3597883597883597,pixel
982,xgb,2023.06.02-20.22.44,Precision,0.6413793103448275,pixel
983,xgb,2023.06.02-20.23.50,Precision,0.3627906976744186,pixel
984,xgb,2023.06.02-20.26.43,Precision,0.3788819875776397,pixel
985,xgb,2023.06.02-20.30.15,Precision,0.4975609756097561,pixel
986,xgb_proba,2023.06.02-20.31.45,Precision,0.4489795918367347,pixel
987,xgb,2023.06.02-20.32.27,Precision,0.4722222222222222,pixel
988,xgb_proba,2021.07.27-20.24.13,F1,0.655581947743468,pixel
989,logisticRegression_proba,2022.04.09-22.15.32,F1,0.4673366834170854,pixel
990,logisticRegression,2023.03.26-07.00.18,F1,0.6979865771812079,pixel
991,xgb_proba,2023.03.26-07.02.39,F1,0.4456824512534819,pixel
992,logisticRegression_proba,2023.03.26-11.25.23,F1,0.6466165413533835,pixel
993,logisticRegression_proba,2023.03.26-11.28.40,F1,0.6821345707656612,pixel
994,xgb_proba,2023.03.26-15.52.33,F1,0.3762376237623763,pixel
995,logisticRegression_proba,2023.03.26-15.53.37,F1,0.859504132231405,pixel
996,xgb,2023.03.26-18.43.02,F1,0.8127208480565371,pixel
997,xgb,2023.03.26-18.45.32,F1,0.6810035842293907,pixel
998,xgb_proba,2023.03.26-18.56.14,F1,0.6615384615384615,pixel
999,xgb,2023.03.26-18.59.12,F1,0.7911392405063291,pixel
1000,logisticRegression_proba,2023.03.26-19.01.32,F1,0.222972972972973,pixel
1001,logisticRegression_proba,2023.03.26-22.54.06,F1,0.4173913043478261,pixel
1002,logisticRegression_proba,2023.03.26-22.54.41,F1,0.660377358490566,pixel
1003,logisticRegression_proba,2023.03.26-22.56.46,F1,0.2987551867219916,pixel
1004,logisticRegression_proba,2023.03.26-22.57.27,F1,0.5850746268656717,pixel
1005,xgb,2023.03.28-22.27.27,F1,0.7812500000000001,pixel
1006,logisticRegression_proba,2023.03.28-22.29.11,F1,0.5555555555555555,pixel
1007,xgb,2023.03.28-22.40.02,F1,0.5079365079365079,pixel
1008,xgb,2023.03.28-22.40.42,F1,0.6912751677852349,pixel
1009,xgb,2023.03.28-22.41.32,F1,0.7104247104247106,pixel
1010,xgb,2023.03.29-21.52.58,F1,0.1041666666666666,pixel
1011,logisticRegression_proba,2023.03.29-21.54.34,F1,0.3428571428571428,pixel
1012,logisticRegression_proba,2023.03.29-21.57.23,F1,0.5714285714285715,pixel
1013,logisticRegression_proba,2023.03.29-22.03.33,F1,0.1616766467065868,pixel
1014,xgb_proba,2023.03.29-22.07.18,F1,0.1574803149606299,pixel
1015,logisticRegression_proba,2023.03.30-12.27.27,F1,0.6666666666666667,pixel
1016,logisticRegression_proba,2023.03.30-12.28.32,F1,0.6974789915966387,pixel
1017,xgb,2023.03.30-12.29.32,F1,0.3377483443708609,pixel
1018,xgb,2023.03.30-12.31.57,F1,0.3620689655172414,pixel
1019,xgb,2023.03.30-12.33.04,F1,0.4850746268656717,pixel
1020,xgb,2023.03.30-12.33.45,F1,0.3453237410071942,pixel
1021,logisticRegression_proba,2023.03.30-16.13.37,F1,0.6825938566552902,pixel
1022,logisticRegression_proba,2023.03.30-17.34.33,F1,0.6119402985074626,pixel
1023,xgb,2023.03.30-19.58.05,F1,0.438871473354232,pixel
1024,logisticRegression_proba,2023.03.30-19.58.41,F1,0.2149837133550488,pixel
1025,logisticRegression_proba,2023.03.30-20.03.56,F1,0.5,pixel
1026,xgb_proba,2023.03.30-20.04.42,F1,0.3408360128617363,pixel
1027,logisticRegression_proba,2023.06.02-19.19.46,F1,0.5663716814159292,pixel
1028,xgb_proba,2023.06.02-19.22.04,F1,0.6642066420664207,pixel
1029,xgb_proba,2023.06.02-19.22.49,F1,0.5988372093023255,pixel
1030,xgb,2023.06.02-19.23.39,F1,0.6197183098591549,pixel
1031,xgb,2023.06.02-19.28.13,F1,0.6020066889632106,pixel
1032,xgb,2023.06.02-19.29.01,F1,0.6943620178041544,pixel
1033,xgb_proba,2023.06.02-19.38.05,F1,0.4594594594594594,pixel
1034,xgb,2023.06.02-20.22.44,F1,0.6914498141263941,pixel
1035,xgb,2023.06.02-20.23.50,F1,0.4601769911504425,pixel
1036,xgb,2023.06.02-20.26.43,F1,0.4784313725490196,pixel
1037,xgb,2023.06.02-20.30.15,F1,0.6335403726708075,pixel
1038,xgb_proba,2023.06.02-20.31.45,F1,0.4131455399061032,pixel
1039,xgb,2023.06.02-20.32.27,F1,0.4700460829493088,pixel
1040,xgb_proba,2021.07.27-20.24.13,unet_F1,0.9808027923211168,pixel
1041,logisticRegression_proba,2022.04.09-22.15.32,unet_F1,0.7734553775743706,pixel
1042,logisticRegression,2023.03.26-07.00.18,unet_F1,0.7165991902834007,pixel
1043,xgb_proba,2023.03.26-07.02.39,unet_F1,0.9635416666666666,pixel
1044,logisticRegression_proba,2023.03.26-11.25.23,unet_F1,0.8030888030888031,pixel
1045,logisticRegression_proba,2023.03.26-11.28.40,unet_F1,0.8070953436807097,pixel
1046,xgb_proba,2023.03.26-15.52.33,unet_F1,0.8934010152284264,pixel
1047,logisticRegression_proba,2023.03.26-15.53.37,unet_F1,0.9438202247191012,pixel
1048,xgb,2023.03.26-18.43.02,unet_F1,0.9537366548042704,pixel
1049,xgb,2023.03.26-18.45.32,unet_F1,0.937007874015748,pixel
1050,xgb_proba,2023.03.26-18.56.14,unet_F1,0.8773841961852862,pixel
1051,xgb,2023.03.26-18.59.12,unet_F1,0.9103448275862068,pixel
1052,logisticRegression_proba,2023.03.26-19.01.32,unet_F1,0.8169014084507042,pixel
1053,logisticRegression_proba,2023.03.26-22.54.06,unet_F1,0.9551020408163264,pixel
1054,logisticRegression_proba,2023.03.26-22.54.41,unet_F1,0.9081885856079404,pixel
1055,logisticRegression_proba,2023.03.26-22.56.46,unet_F1,0.944,pixel
1056,logisticRegression_proba,2023.03.26-22.57.27,unet_F1,0.9376558603491272,pixel
1057,xgb,2023.03.28-22.27.27,unet_F1,0.8641114982578397,pixel
1058,logisticRegression_proba,2023.03.28-22.29.11,unet_F1,0.9768786127167628,pixel
1059,xgb,2023.03.28-22.40.02,unet_F1,0.9479166666666666,pixel
1060,xgb,2023.03.28-22.40.42,unet_F1,0.9285714285714286,pixel
1061,xgb,2023.03.28-22.41.32,unet_F1,0.8785046728971962,pixel
1062,xgb,2023.03.29-21.52.58,unet_F1,0.9276595744680852,pixel
1063,logisticRegression_proba,2023.03.29-21.54.34,unet_F1,0.0,pixel
1064,logisticRegression_proba,2023.03.29-21.57.23,unet_F1,0.8864468864468864,pixel
1065,logisticRegression_proba,2023.03.29-22.03.33,unet_F1,0.9592326139088728,pixel
1066,xgb_proba,2023.03.29-22.07.18,unet_F1,0.4883720930232558,pixel
1067,logisticRegression_proba,2023.03.30-12.27.27,unet_F1,0.97165991902834,pixel
1068,logisticRegression_proba,2023.03.30-12.28.32,unet_F1,0.8897058823529412,pixel
1069,xgb,2023.03.30-12.29.32,unet_F1,0.8764940239043825,pixel
1070,xgb,2023.03.30-12.31.57,unet_F1,0.898989898989899,pixel
1071,xgb,2023.03.30-12.33.04,unet_F1,0.9155555555555556,pixel
1072,xgb,2023.03.30-12.33.45,unet_F1,0.8955223880597015,pixel
1073,logisticRegression_proba,2023.03.30-16.13.37,unet_F1,0.9168900804289544,pixel
1074,logisticRegression_proba,2023.03.30-17.34.33,unet_F1,0.9221183800623052,pixel
1075,xgb,2023.03.30-19.58.05,unet_F1,0.9361702127659574,pixel
1076,logisticRegression_proba,2023.03.30-19.58.41,unet_F1,0.8012820512820512,pixel
1077,logisticRegression_proba,2023.03.30-20.03.56,unet_F1,0.856140350877193,pixel
1078,xgb_proba,2023.03.30-20.04.42,unet_F1,0.9128630705394192,pixel
1079,logisticRegression_proba,2023.06.02-19.19.46,unet_F1,0.8683274021352313,pixel
1080,xgb_proba,2023.06.02-19.22.04,unet_F1,0.9367088607594936,pixel
1081,xgb_proba,2023.06.02-19.22.49,unet_F1,0.8739495798319328,pixel
1082,xgb,2023.06.02-19.23.39,unet_F1,0.8214285714285715,pixel
1083,xgb,2023.06.02-19.28.13,unet_F1,0.9203539823008848,pixel
1084,xgb,2023.06.02-19.29.01,unet_F1,0.7648902821316614,pixel
1085,xgb_proba,2023.06.02-19.38.05,unet_F1,0.895397489539749,pixel
1086,xgb,2023.06.02-20.22.44,unet_F1,0.921161825726141,pixel
1087,xgb,2023.06.02-20.23.50,unet_F1,0.9282700421940928,pixel
1088,xgb,2023.06.02-20.26.43,unet_F1,0.9082125603864734,pixel
1089,xgb,2023.06.02-20.30.15,unet_F1,0.66,pixel
1090,xgb_proba,2023.06.02-20.31.45,unet_F1,0.9316239316239316,pixel
1091,xgb,2023.06.02-20.32.27,unet_F1,0.8650793650793651,pixel
1092,xgb_proba,2021.07.27-20.24.13,unet_Jaccard,0.9623287671232876,pixel
1093,logisticRegression_proba,2022.04.09-22.15.32,unet_Jaccard,0.6305970149253731,pixel
1094,logisticRegression,2023.03.26-07.00.18,unet_Jaccard,0.5583596214511041,pixel
1095,xgb_proba,2023.03.26-07.02.39,unet_Jaccard,0.9296482412060302,pixel
1096,logisticRegression_proba,2023.03.26-11.25.23,unet_Jaccard,0.6709677419354839,pixel
1097,logisticRegression_proba,2023.03.26-11.28.40,unet_Jaccard,0.6765799256505576,pixel
1098,xgb_proba,2023.03.26-15.52.33,unet_Jaccard,0.8073394495412844,pixel
1099,logisticRegression_proba,2023.03.26-15.53.37,unet_Jaccard,0.8936170212765957,pixel
1100,xgb,2023.03.26-18.43.02,unet_Jaccard,0.91156462585034,pixel
1101,xgb,2023.03.26-18.45.32,unet_Jaccard,0.8814814814814815,pixel
1102,xgb_proba,2023.03.26-18.56.14,unet_Jaccard,0.7815533980582524,pixel
1103,xgb,2023.03.26-18.59.12,unet_Jaccard,0.8354430379746836,pixel
1104,logisticRegression_proba,2023.03.26-19.01.32,unet_Jaccard,0.6904761904761905,pixel
1105,logisticRegression_proba,2023.03.26-22.54.06,unet_Jaccard,0.9140625,pixel
1106,logisticRegression_proba,2023.03.26-22.54.41,unet_Jaccard,0.8318181818181818,pixel
1107,logisticRegression_proba,2023.03.26-22.56.46,unet_Jaccard,0.8939393939393939,pixel
1108,logisticRegression_proba,2023.03.26-22.57.27,unet_Jaccard,0.8826291079812206,pixel
1109,xgb,2023.03.28-22.27.27,unet_Jaccard,0.7607361963190185,pixel
1110,logisticRegression_proba,2023.03.28-22.29.11,unet_Jaccard,0.9548022598870056,pixel
1111,xgb,2023.03.28-22.40.02,unet_Jaccard,0.900990099009901,pixel
1112,xgb,2023.03.28-22.40.42,unet_Jaccard,0.8666666666666667,pixel
1113,xgb,2023.03.28-22.41.32,unet_Jaccard,0.7833333333333333,pixel
1114,xgb,2023.03.29-21.52.58,unet_Jaccard,0.8650793650793651,pixel
1115,logisticRegression_proba,2023.03.29-21.54.34,unet_Jaccard,0.0,pixel
1116,logisticRegression_proba,2023.03.29-21.57.23,unet_Jaccard,0.7960526315789473,pixel
1117,logisticRegression_proba,2023.03.29-22.03.33,unet_Jaccard,0.9216589861751152,pixel
1118,xgb_proba,2023.03.29-22.07.18,unet_Jaccard,0.3230769230769231,pixel
1119,logisticRegression_proba,2023.03.30-12.27.27,unet_Jaccard,0.9448818897637796,pixel
1120,logisticRegression_proba,2023.03.30-12.28.32,unet_Jaccard,0.8013245033112583,pixel
1121,xgb,2023.03.30-12.29.32,unet_Jaccard,0.7801418439716312,pixel
1122,xgb,2023.03.30-12.31.57,unet_Jaccard,0.8165137614678899,pixel
1123,xgb,2023.03.30-12.33.04,unet_Jaccard,0.8442622950819673,pixel
1124,xgb,2023.03.30-12.33.45,unet_Jaccard,0.8108108108108109,pixel
1125,logisticRegression_proba,2023.03.30-16.13.37,unet_Jaccard,0.8465346534653465,pixel
1126,logisticRegression_proba,2023.03.30-17.34.33,unet_Jaccard,0.8554913294797688,pixel
1127,xgb,2023.03.30-19.58.05,unet_Jaccard,0.88,pixel
1128,logisticRegression_proba,2023.03.30-19.58.41,unet_Jaccard,0.6684491978609626,pixel
1129,logisticRegression_proba,2023.03.30-20.03.56,unet_Jaccard,0.7484662576687117,pixel
1130,xgb_proba,2023.03.30-20.04.42,unet_Jaccard,0.8396946564885496,pixel
1131,logisticRegression_proba,2023.06.02-19.19.46,unet_Jaccard,0.7672955974842768,pixel
1132,xgb_proba,2023.06.02-19.22.04,unet_Jaccard,0.8809523809523809,pixel
1133,xgb_proba,2023.06.02-19.22.49,unet_Jaccard,0.7761194029850746,pixel
1134,xgb,2023.06.02-19.23.39,unet_Jaccard,0.696969696969697,pixel
1135,xgb,2023.06.02-19.28.13,unet_Jaccard,0.8524590163934426,pixel
1136,xgb,2023.06.02-19.29.01,unet_Jaccard,0.6192893401015228,pixel
1137,xgb_proba,2023.06.02-19.38.05,unet_Jaccard,0.8106060606060606,pixel
1138,xgb,2023.06.02-20.22.44,unet_Jaccard,0.8538461538461538,pixel
1139,xgb,2023.06.02-20.23.50,unet_Jaccard,0.8661417322834646,pixel
1140,xgb,2023.06.02-20.26.43,unet_Jaccard,0.831858407079646,pixel
1141,xgb,2023.06.02-20.30.15,unet_Jaccard,0.4925373134328358,pixel
1142,xgb_proba,2023.06.02-20.31.45,unet_Jaccard,0.872,pixel
1143,xgb,2023.06.02-20.32.27,unet_Jaccard,0.7622377622377622,pixel
1144,xgb_proba,2021.07.27-20.24.13,unet_Precision,0.9689655172413794,pixel
1145,logisticRegression_proba,2022.04.09-22.15.32,unet_Precision,0.845,pixel
1146,logisticRegression,2023.03.26-07.00.18,unet_Precision,0.9833333333333332,pixel
1147,xgb_proba,2023.03.26-07.02.39,unet_Precision,0.9788359788359788,pixel
1148,logisticRegression_proba,2023.03.26-11.25.23,unet_Precision,0.8666666666666667,pixel
1149,logisticRegression_proba,2023.03.26-11.28.40,unet_Precision,0.9732620320855616,pixel
1150,xgb_proba,2023.03.26-15.52.33,unet_Precision,0.822429906542056,pixel
1151,logisticRegression_proba,2023.03.26-15.53.37,unet_Precision,0.9,pixel
1152,xgb,2023.03.26-18.43.02,unet_Precision,0.9241379310344828,pixel
1153,xgb,2023.03.26-18.45.32,unet_Precision,0.9015151515151516,pixel
1154,xgb_proba,2023.03.26-18.56.14,unet_Precision,0.7815533980582524,pixel
1155,xgb,2023.03.26-18.59.12,unet_Precision,0.8461538461538461,pixel
1156,logisticRegression_proba,2023.03.26-19.01.32,unet_Precision,0.928,pixel
1157,logisticRegression_proba,2023.03.26-22.54.06,unet_Precision,0.9212598425196852,pixel
1158,logisticRegression_proba,2023.03.26-22.54.41,unet_Precision,0.963157894736842,pixel
1159,logisticRegression_proba,2023.03.26-22.56.46,unet_Precision,0.959349593495935,pixel
1160,logisticRegression_proba,2023.03.26-22.57.27,unet_Precision,0.9894736842105264,pixel
1161,xgb,2023.03.28-22.27.27,unet_Precision,0.7948717948717948,pixel
1162,logisticRegression_proba,2023.03.28-22.29.11,unet_Precision,0.9657142857142856,pixel
1163,xgb,2023.03.28-22.40.02,unet_Precision,0.9479166666666666,pixel
1164,xgb,2023.03.28-22.40.42,unet_Precision,0.8666666666666667,pixel
1165,xgb,2023.03.28-22.41.32,unet_Precision,0.7899159663865546,pixel
1166,xgb,2023.03.29-21.52.58,unet_Precision,0.9316239316239316,pixel
1167,logisticRegression_proba,2023.03.29-21.54.34,unet_Precision,0.0,pixel
1168,logisticRegression_proba,2023.03.29-21.57.23,unet_Precision,0.8897058823529411,pixel
1169,logisticRegression_proba,2023.03.29-22.03.33,unet_Precision,0.975609756097561,pixel
1170,xgb_proba,2023.03.29-22.07.18,unet_Precision,1.0,pixel
1171,logisticRegression_proba,2023.03.30-12.27.27,unet_Precision,0.975609756097561,pixel
1172,logisticRegression_proba,2023.03.30-12.28.32,unet_Precision,0.8461538461538461,pixel
1173,xgb,2023.03.30-12.29.32,unet_Precision,0.8088235294117647,pixel
1174,xgb,2023.03.30-12.31.57,unet_Precision,1.0,pixel
1175,xgb,2023.03.30-12.33.04,unet_Precision,0.8879310344827587,pixel
1176,xgb,2023.03.30-12.33.45,unet_Precision,0.8275862068965517,pixel
1177,logisticRegression_proba,2023.03.30-16.13.37,unet_Precision,0.8952879581151832,pixel
1178,logisticRegression_proba,2023.03.30-17.34.33,unet_Precision,0.8604651162790697,pixel
1179,xgb,2023.03.30-19.58.05,unet_Precision,0.9221556886227544,pixel
1180,logisticRegression_proba,2023.03.30-19.58.41,unet_Precision,0.9689922480620154,pixel
1181,logisticRegression_proba,2023.03.30-20.03.56,unet_Precision,0.7770700636942676,pixel
1182,xgb_proba,2023.03.30-20.04.42,unet_Precision,0.8527131782945736,pixel
1183,logisticRegression_proba,2023.06.02-19.19.46,unet_Precision,0.8187919463087249,pixel
1184,xgb_proba,2023.06.02-19.22.04,unet_Precision,0.8809523809523809,pixel
1185,xgb_proba,2023.06.02-19.22.49,unet_Precision,0.7761194029850746,pixel
1186,xgb,2023.06.02-19.23.39,unet_Precision,0.7012195121951219,pixel
1187,xgb,2023.06.02-19.28.13,unet_Precision,0.8524590163934426,pixel
1188,xgb,2023.06.02-19.29.01,unet_Precision,0.6192893401015228,pixel
1189,xgb_proba,2023.06.02-19.38.05,unet_Precision,0.8106060606060606,pixel
1190,xgb,2023.06.02-20.22.44,unet_Precision,0.9487179487179488,pixel
1191,xgb,2023.06.02-20.23.50,unet_Precision,0.9734513274336284,pixel
1192,xgb,2023.06.02-20.26.43,unet_Precision,0.831858407079646,pixel
1193,xgb,2023.06.02-20.30.15,unet_Precision,0.7951807228915663,pixel
1194,xgb_proba,2023.06.02-20.31.45,unet_Precision,0.9159663865546218,pixel
1195,xgb,2023.06.02-20.32.27,unet_Precision,0.7622377622377622,pixel
1196,xgb_proba,2021.07.27-20.24.13,unet_Recall,0.9929328621908128,pixel
1197,logisticRegression_proba,2022.04.09-22.15.32,unet_Recall,0.7130801687763713,pixel
1198,logisticRegression,2023.03.26-07.00.18,unet_Recall,0.5636942675159236,pixel
1199,xgb_proba,2023.03.26-07.02.39,unet_Recall,0.9487179487179488,pixel
1200,logisticRegression_proba,2023.03.26-11.25.23,unet_Recall,0.7482014388489209,pixel
1201,logisticRegression_proba,2023.03.26-11.28.40,unet_Recall,0.6893939393939394,pixel
1202,xgb_proba,2023.03.26-15.52.33,unet_Recall,0.9777777777777776,pixel
1203,logisticRegression_proba,2023.03.26-15.53.37,unet_Recall,0.9921259842519684,pixel
1204,xgb,2023.03.26-18.43.02,unet_Recall,0.9852941176470588,pixel
1205,xgb,2023.03.26-18.45.32,unet_Recall,0.9754098360655736,pixel
1206,xgb_proba,2023.03.26-18.56.14,unet_Recall,1.0,pixel
1207,xgb,2023.03.26-18.59.12,unet_Recall,0.9850746268656716,pixel
1208,logisticRegression_proba,2023.03.26-19.01.32,unet_Recall,0.7295597484276729,pixel
1209,logisticRegression_proba,2023.03.26-22.54.06,unet_Recall,0.9915254237288136,pixel
1210,logisticRegression_proba,2023.03.26-22.54.41,unet_Recall,0.8591549295774648,pixel
1211,logisticRegression_proba,2023.03.26-22.56.46,unet_Recall,0.9291338582677166,pixel
1212,logisticRegression_proba,2023.03.26-22.57.27,unet_Recall,0.8909952606635071,pixel
1213,xgb,2023.03.28-22.27.27,unet_Recall,0.9465648854961832,pixel
1214,logisticRegression_proba,2023.03.28-22.29.11,unet_Recall,0.9883040935672516,pixel
1215,xgb,2023.03.28-22.40.02,unet_Recall,0.9479166666666666,pixel
1216,xgb,2023.03.28-22.40.42,unet_Recall,1.0,pixel
1217,xgb,2023.03.28-22.41.32,unet_Recall,0.9894736842105264,pixel
1218,xgb,2023.03.29-21.52.58,unet_Recall,0.923728813559322,pixel
1219,logisticRegression_proba,2023.03.29-21.54.34,unet_Recall,0.0,pixel
1220,logisticRegression_proba,2023.03.29-21.57.23,unet_Recall,0.8832116788321168,pixel
1221,logisticRegression_proba,2023.03.29-22.03.33,unet_Recall,0.9433962264150944,pixel
1222,xgb_proba,2023.03.29-22.07.18,unet_Recall,0.3230769230769231,pixel
1223,logisticRegression_proba,2023.03.30-12.27.27,unet_Recall,0.967741935483871,pixel
1224,logisticRegression_proba,2023.03.30-12.28.32,unet_Recall,0.937984496124031,pixel
1225,xgb,2023.03.30-12.29.32,unet_Recall,0.9565217391304348,pixel
1226,xgb,2023.03.30-12.31.57,unet_Recall,0.8165137614678899,pixel
1227,xgb,2023.03.30-12.33.04,unet_Recall,0.944954128440367,pixel
1228,xgb,2023.03.30-12.33.45,unet_Recall,0.975609756097561,pixel
1229,logisticRegression_proba,2023.03.30-16.13.37,unet_Recall,0.9395604395604396,pixel
1230,logisticRegression_proba,2023.03.30-17.34.33,unet_Recall,0.9932885906040269,pixel
1231,xgb,2023.03.30-19.58.05,unet_Recall,0.9506172839506172,pixel
1232,logisticRegression_proba,2023.03.30-19.58.41,unet_Recall,0.6830601092896175,pixel
1233,logisticRegression_proba,2023.03.30-20.03.56,unet_Recall,0.953125,pixel
1234,xgb_proba,2023.03.30-20.04.42,unet_Recall,0.9821428571428572,pixel
1235,logisticRegression_proba,2023.06.02-19.19.46,unet_Recall,0.9242424242424242,pixel
1236,xgb_proba,2023.06.02-19.22.04,unet_Recall,1.0,pixel
1237,xgb_proba,2023.06.02-19.22.49,unet_Recall,1.0,pixel
1238,xgb,2023.06.02-19.23.39,unet_Recall,0.9913793103448276,pixel
1239,xgb,2023.06.02-19.28.13,unet_Recall,1.0,pixel
1240,xgb,2023.06.02-19.29.01,unet_Recall,1.0,pixel
1241,xgb_proba,2023.06.02-19.38.05,unet_Recall,1.0,pixel
1242,xgb,2023.06.02-20.22.44,unet_Recall,0.8951612903225806,pixel
1243,xgb,2023.06.02-20.23.50,unet_Recall,0.8870967741935484,pixel
1244,xgb,2023.06.02-20.26.43,unet_Recall,1.0,pixel
1245,xgb,2023.06.02-20.30.15,unet_Recall,0.5641025641025641,pixel
1246,xgb_proba,2023.06.02-20.31.45,unet_Recall,0.9478260869565216,pixel
1247,xgb,2023.06.02-20.32.27,unet_Recall,1.0,pixel
